0, 0, 0, 1
0, 0, 1, 1
0, 0, 2, 1
0, 0, 3, 1
0, 0, 4, 1
0, 0, 5, 1
0, 0, 6, 1
0, 0, 7, 1
0, 0, 8, 1
0, 0, 9, 1
0, 0, 10, 1
0, 0, 11, 1
0, 0, 12, 1
0, 0, 13, 1
0, 0, 14, 1
0, 0, 15, 1
0, 0, 16, 1
0, 0, 17, 1
0, 0, 18, 1
0, 0, 19, 1
0, 0, 20, 1
0, 0, 21, 1
0, 0, 22, 1
0, 0, 23, 1
0, 0, 24, 1
0, 0, 25, 1
0, 0, 26, 1
0, 0, 27, 1
0, 0, 28, 1
0, 0, 29, 1
0, 0, 30, 1
0, 0, 31, 1
0, 0, 32, 1
0, 0, 33, 1
0, 0, 34, 1
0, 0, 35, 1
0, 0, 36, 1
0, 0, 37, 1
0, 0, 38, 1
0, 0, 39, 1
0, 0, 40, 1
0, 0, 41, 1
0, 0, 42, 1
0, 0, 43, 1
0, 0, 44, 1
0, 0, 45, 1
0, 0, 46, 1
0, 0, 47, 1
0, 0, 48, 1
0, 0, 49, 1
0, 0, 50, 1
0, 0, 51, 1
0, 0, 52, 1
0, 0, 53, 1
0, 0, 54, 1
0, 0, 55, 1
0, 0, 56, 1
0, 0, 57, 1
0, 0, 58, 1
0, 0, 59, 1
0, 0, 60, 1
0, 0, 61, 1
0, 0, 62, 1
0, 0, 63, 1
0, 0, 64, 1
0, 0, 65, 1
0, 0, 66, 1
0, 0, 67, 1
0, 0, 68, 1
0, 0, 69, 1
0, 0, 70, 1
0, 0, 71, 1
0, 0, 72, 1
0, 0, 73, 1
0, 0, 74, 1
0, 0, 75, 1
0, 0, 76, 1
0, 0, 77, 1
0, 0, 78, 1
0, 0, 79, 1
0, 0, 80, 1
0, 0, 81, 1
0, 0, 82, 1
0, 0, 83, 1
0, 0, 84, 1
0, 0, 85, 1
0, 0, 86, 1
0, 0, 87, 1
0, 0, 88, 1
0, 0, 89, 1
0, 0, 90, 1
0, 0, 91, 1
0, 0, 92, 1
0, 0, 93, 1
0, 0, 94, 0
0, 0, 95, 0
0, 0, 96, 0
0, 0, 97, 0
0, 0, 98, 0
0, 0, 99, 0
0, 1, 0, 0
0, 1, 1, 0
0, 1, 2, 0
0, 1, 3, 0
0, 1, 4, 0
0, 1, 5, 0
0, 1, 6, 0
0, 1, 7, 0
0, 1, 8, 0
0, 1, 9, 0
0, 1, 10, 0
0, 1, 11, 0
0, 1, 12, 0
0, 1, 13, 0
0, 1, 14, 0
0, 1, 15, 0
0, 1, 16, 0
0, 1, 17, 0
0, 1, 18, 0
0, 1, 19, 0
0, 1, 20, 0
0, 1, 21, 0
0, 1, 22, 0
0, 1, 23, 0
0, 1, 24, 0
0, 1, 25, 0
0, 1, 26, 0
0, 1, 27, 0
0, 1, 28, 0
0, 1, 29, 0
0, 1, 30, 0
0, 1, 31, 0
0, 1, 32, 0
0, 1, 33, 0
0, 1, 34, 0
0, 1, 35, 0
0, 1, 36, 0
0, 1, 37, 0
0, 1, 38, 0
0, 1, 39, 0
0, 1, 40, 0
0, 1, 41, 0
0, 1, 42, 0
0, 1, 43, 0
0, 1, 44, 0
0, 1, 45, 0
0, 1, 46, 0
0, 1, 47, 0
0, 1, 48, 0
0, 1, 49, 0
0, 1, 50, 0
0, 1, 51, 0
0, 1, 52, 0
0, 1, 53, 0
0, 1, 54, 0
0, 1, 55, 0
0, 1, 56, 0
0, 1, 57, 0
0, 1, 58, 0
0, 1, 59, 0
0, 1, 60, 0
0, 1, 61, 0
0, 1, 62, 0
0, 1, 63, 0
0, 1, 64, 0
0, 1, 65, 0
0, 1, 66, 0
0, 1, 67, 0
0, 1, 68, 0
0, 1, 69, 0
0, 1, 70, 0
0, 1, 71, 0
0, 1, 72, 0
0, 1, 73, 0
0, 1, 74, 0
0, 1, 75, 0
0, 1, 76, 0
0, 1, 77, 0
0, 1, 78, 0
0, 1, 79, 0
0, 1, 80, 0
0, 1, 81, 0
0, 1, 82, 0
0, 1, 83, 0
0, 1, 84, 0
0, 1, 85, 0
0, 1, 86, 0
0, 1, 87, 0
0, 1, 88, 1
0, 1, 89, 1
0, 1, 90, 1
0, 1, 91, 1
0, 1, 92, 1
0, 1, 93, 0
0, 1, 94, 0
0, 1, 95, 0
0, 1, 96, 0
0, 1, 97, 0
0, 1, 98, 0
0, 1, 99, 0
0, 2, 0, 0
0, 2, 1, 0
0, 2, 2, 0
0, 2, 3, 0
0, 2, 4, 0
0, 2, 5, 0
0, 2, 6, 0
0, 2, 7, 0
0, 2, 8, 0
0, 2, 9, 0
0, 2, 10, 0
0, 2, 11, 0
0, 2, 12, 0
0, 2, 13, 0
0, 2, 14, 0
0, 2, 15, 0
0, 2, 16, 0
0, 2, 17, 0
0, 2, 18, 0
0, 2, 19, 0
0, 2, 20, 0
0, 2, 21, 0
0, 2, 22, 0
0, 2, 23, 0
0, 2, 24, 0
0, 2, 25, 0
0, 2, 26, 0
0, 2, 27, 0
0, 2, 28, 0
0, 2, 29, 0
0, 2, 30, 0
0, 2, 31, 0
0, 2, 32, 0
0, 2, 33, 0
0, 2, 34, 0
0, 2, 35, 0
0, 2, 36, 0
0, 2, 37, 0
0, 2, 38, 0
0, 2, 39, 0
0, 2, 40, 0
0, 2, 41, 0
0, 2, 42, 0
0, 2, 43, 0
0, 2, 44, 0
0, 2, 45, 0
0, 2, 46, 0
0, 2, 47, 0
0, 2, 48, 0
0, 2, 49, 0
0, 2, 50, 0
0, 2, 51, 0
0, 2, 52, 0
0, 2, 53, 0
0, 2, 54, 0
0, 2, 55, 0
0, 2, 56, 0
0, 2, 57, 0
0, 2, 58, 0
0, 2, 59, 0
0, 2, 60, 0
0, 2, 61, 0
0, 2, 62, 0
0, 2, 63, 0
0, 2, 64, 0
0, 2, 65, 0
0, 2, 66, 0
0, 2, 67, 0
0, 2, 68, 0
0, 2, 69, 0
0, 2, 70, 0
0, 2, 71, 0
0, 2, 72, 0
0, 2, 73, 0
0, 2, 74, 0
0, 2, 75, 0
0, 2, 76, 0
0, 2, 77, 0
0, 2, 78, 0
0, 2, 79, 0
0, 2, 80, 0
0, 2, 81, 0
0, 2, 82, 0
0, 2, 83, 0
0, 2, 84, 0
0, 2, 85, 0
0, 2, 86, 0
0, 2, 87, 0
0, 2, 88, 1
0, 2, 89, 1
0, 2, 90, 1
0, 2, 91, 1
0, 2, 92, 1
0, 2, 93, 0
0, 2, 94, 0
0, 2, 95, 0
0, 2, 96, 0
0, 2, 97, 0
0, 2, 98, 0
0, 2, 99, 0
0, 3, 0, 0
0, 3, 1, 0
0, 3, 2, 0
0, 3, 3, 0
0, 3, 4, 0
0, 3, 5, 0
0, 3, 6, 0
0, 3, 7, 0
0, 3, 8, 0
0, 3, 9, 0
0, 3, 10, 0
0, 3, 11, 0
0, 3, 12, 0
0, 3, 13, 0
0, 3, 14, 0
0, 3, 15, 0
0, 3, 16, 0
0, 3, 17, 0
0, 3, 18, 0
0, 3, 19, 0
0, 3, 20, 0
0, 3, 21, 0
0, 3, 22, 0
0, 3, 23, 0
0, 3, 24, 0
0, 3, 25, 0
0, 3, 26, 0
0, 3, 27, 0
0, 3, 28, 0
0, 3, 29, 0
0, 3, 30, 0
0, 3, 31, 0
0, 3, 32, 0
0, 3, 33, 0
0, 3, 34, 0
0, 3, 35, 0
0, 3, 36, 0
0, 3, 37, 0
0, 3, 38, 0
0, 3, 39, 0
0, 3, 40, 0
0, 3, 41, 0
0, 3, 42, 0
0, 3, 43, 0
0, 3, 44, 0
0, 3, 45, 0
0, 3, 46, 0
0, 3, 47, 0
0, 3, 48, 0
0, 3, 49, 0
0, 3, 50, 0
0, 3, 51, 0
0, 3, 52, 0
0, 3, 53, 0
0, 3, 54, 0
0, 3, 55, 0
0, 3, 56, 0
0, 3, 57, 0
0, 3, 58, 0
0, 3, 59, 0
0, 3, 60, 0
0, 3, 61, 0
0, 3, 62, 0
0, 3, 63, 0
0, 3, 64, 0
0, 3, 65, 0
0, 3, 66, 0
0, 3, 67, 0
0, 3, 68, 0
0, 3, 69, 0
0, 3, 70, 0
0, 3, 71, 0
0, 3, 72, 0
0, 3, 73, 0
0, 3, 74, 0
0, 3, 75, 0
0, 3, 76, 0
0, 3, 77, 0
0, 3, 78, 0
0, 3, 79, 0
0, 3, 80, 0
0, 3, 81, 0
0, 3, 82, 0
0, 3, 83, 0
0, 3, 84, 0
0, 3, 85, 0
0, 3, 86, 0
0, 3, 87, 0
0, 3, 88, 1
0, 3, 89, 1
0, 3, 90, 1
0, 3, 91, 1
0, 3, 92, 1
0, 3, 93, 0
0, 3, 94, 0
0, 3, 95, 0
0, 3, 96, 0
0, 3, 97, 0
0, 3, 98, 0
0, 3, 99, 0
0, 4, 0, 0
0, 4, 1, 0
0, 4, 2, 0
0, 4, 3, 0
0, 4, 4, 0
0, 4, 5, 0
0, 4, 6, 0
0, 4, 7, 0
0, 4, 8, 0
0, 4, 9, 0
0, 4, 10, 0
0, 4, 11, 0
0, 4, 12, 0
0, 4, 13, 0
0, 4, 14, 0
0, 4, 15, 0
0, 4, 16, 0
0, 4, 17, 0
0, 4, 18, 0
0, 4, 19, 0
0, 4, 20, 0
0, 4, 21, 0
0, 4, 22, 0
0, 4, 23, 0
0, 4, 24, 0
0, 4, 25, 0
0, 4, 26, 0
0, 4, 27, 0
0, 4, 28, 0
0, 4, 29, 0
0, 4, 30, 0
0, 4, 31, 0
0, 4, 32, 0
0, 4, 33, 0
0, 4, 34, 0
0, 4, 35, 0
0, 4, 36, 0
0, 4, 37, 0
0, 4, 38, 0
0, 4, 39, 0
0, 4, 40, 0
0, 4, 41, 0
0, 4, 42, 0
0, 4, 43, 0
0, 4, 44, 0
0, 4, 45, 0
0, 4, 46, 0
0, 4, 47, 0
0, 4, 48, 0
0, 4, 49, 0
0, 4, 50, 0
0, 4, 51, 0
0, 4, 52, 0
0, 4, 53, 0
0, 4, 54, 0
0, 4, 55, 0
0, 4, 56, 0
0, 4, 57, 0
0, 4, 58, 0
0, 4, 59, 0
0, 4, 60, 0
0, 4, 61, 0
0, 4, 62, 0
0, 4, 63, 0
0, 4, 64, 0
0, 4, 65, 0
0, 4, 66, 0
0, 4, 67, 0
0, 4, 68, 0
0, 4, 69, 0
0, 4, 70, 0
0, 4, 71, 0
0, 4, 72, 0
0, 4, 73, 0
0, 4, 74, 0
0, 4, 75, 0
0, 4, 76, 0
0, 4, 77, 0
0, 4, 78, 0
0, 4, 79, 0
0, 4, 80, 0
0, 4, 81, 0
0, 4, 82, 0
0, 4, 83, 0
0, 4, 84, 0
0, 4, 85, 0
0, 4, 86, 0
0, 4, 87, 0
0, 4, 88, 1
0, 4, 89, 1
0, 4, 90, 1
0, 4, 91, 1
0, 4, 92, 1
0, 4, 93, 1
0, 4, 94, 0
0, 4, 95, 0
0, 4, 96, 0
0, 4, 97, 0
0, 4, 98, 0
0, 4, 99, 0
0, 5, 0, 0
0, 5, 1, 0
0, 5, 2, 0
0, 5, 3, 0
0, 5, 4, 0
0, 5, 5, 0
0, 5, 6, 0
0, 5, 7, 0
0, 5, 8, 0
0, 5, 9, 0
0, 5, 10, 0
0, 5, 11, 0
0, 5, 12, 0
0, 5, 13, 0
0, 5, 14, 0
0, 5, 15, 0
0, 5, 16, 0
0, 5, 17, 0
0, 5, 18, 0
0, 5, 19, 0
0, 5, 20, 0
0, 5, 21, 0
0, 5, 22, 0
0, 5, 23, 0
0, 5, 24, 0
0, 5, 25, 0
0, 5, 26, 0
0, 5, 27, 0
0, 5, 28, 0
0, 5, 29, 0
0, 5, 30, 0
0, 5, 31, 0
0, 5, 32, 0
0, 5, 33, 0
0, 5, 34, 0
0, 5, 35, 0
0, 5, 36, 0
0, 5, 37, 0
0, 5, 38, 0
0, 5, 39, 0
0, 5, 40, 0
0, 5, 41, 0
0, 5, 42, 0
0, 5, 43, 0
0, 5, 44, 0
0, 5, 45, 0
0, 5, 46, 0
0, 5, 47, 0
0, 5, 48, 0
0, 5, 49, 0
0, 5, 50, 0
0, 5, 51, 0
0, 5, 52, 0
0, 5, 53, 0
0, 5, 54, 0
0, 5, 55, 0
0, 5, 56, 0
0, 5, 57, 0
0, 5, 58, 0
0, 5, 59, 0
0, 5, 60, 0
0, 5, 61, 0
0, 5, 62, 0
0, 5, 63, 0
0, 5, 64, 0
0, 5, 65, 0
0, 5, 66, 0
0, 5, 67, 0
0, 5, 68, 0
0, 5, 69, 0
0, 5, 70, 0
0, 5, 71, 0
0, 5, 72, 0
0, 5, 73, 0
0, 5, 74, 0
0, 5, 75, 0
0, 5, 76, 0
0, 5, 77, 0
0, 5, 78, 0
0, 5, 79, 0
0, 5, 80, 0
0, 5, 81, 0
0, 5, 82, 0
0, 5, 83, 0
0, 5, 84, 0
0, 5, 85, 0
0, 5, 86, 0
0, 5, 87, 0
0, 5, 88, 1
0, 5, 89, 1
0, 5, 90, 1
0, 5, 91, 1
0, 5, 92, 1
0, 5, 93, 1
0, 5, 94, 0
0, 5, 95, 0
0, 5, 96, 0
0, 5, 97, 0
0, 5, 98, 0
0, 5, 99, 0
0, 6, 0, 0
0, 6, 1, 0
0, 6, 2, 0
0, 6, 3, 0
0, 6, 4, 0
0, 6, 5, 0
0, 6, 6, 0
0, 6, 7, 0
0, 6, 8, 0
0, 6, 9, 0
0, 6, 10, 0
0, 6, 11, 0
0, 6, 12, 0
0, 6, 13, 0
0, 6, 14, 0
0, 6, 15, 0
0, 6, 16, 0
0, 6, 17, 0
0, 6, 18, 0
0, 6, 19, 0
0, 6, 20, 0
0, 6, 21, 0
0, 6, 22, 0
0, 6, 23, 0
0, 6, 24, 0
0, 6, 25, 0
0, 6, 26, 0
0, 6, 27, 0
0, 6, 28, 0
0, 6, 29, 0
0, 6, 30, 0
0, 6, 31, 0
0, 6, 32, 0
0, 6, 33, 0
0, 6, 34, 0
0, 6, 35, 0
0, 6, 36, 0
0, 6, 37, 0
0, 6, 38, 0
0, 6, 39, 0
0, 6, 40, 0
0, 6, 41, 0
0, 6, 42, 0
0, 6, 43, 0
0, 6, 44, 0
0, 6, 45, 0
0, 6, 46, 0
0, 6, 47, 0
0, 6, 48, 0
0, 6, 49, 0
0, 6, 50, 0
0, 6, 51, 0
0, 6, 52, 0
0, 6, 53, 0
0, 6, 54, 0
0, 6, 55, 0
0, 6, 56, 0
0, 6, 57, 0
0, 6, 58, 0
0, 6, 59, 0
0, 6, 60, 0
0, 6, 61, 0
0, 6, 62, 0
0, 6, 63, 0
0, 6, 64, 0
0, 6, 65, 0
0, 6, 66, 0
0, 6, 67, 0
0, 6, 68, 0
0, 6, 69, 0
0, 6, 70, 0
0, 6, 71, 0
0, 6, 72, 0
0, 6, 73, 0
0, 6, 74, 0
0, 6, 75, 0
0, 6, 76, 0
0, 6, 77, 0
0, 6, 78, 0
0, 6, 79, 0
0, 6, 80, 0
0, 6, 81, 0
0, 6, 82, 0
0, 6, 83, 0
0, 6, 84, 0
0, 6, 85, 0
0, 6, 86, 0
0, 6, 87, 0
0, 6, 88, 1
0, 6, 89, 1
0, 6, 90, 1
0, 6, 91, 1
0, 6, 92, 1
0, 6, 93, 0
0, 6, 94, 0
0, 6, 95, 0
0, 6, 96, 0
0, 6, 97, 0
0, 6, 98, 0
0, 6, 99, 0
0, 7, 0, 0
0, 7, 1, 0
0, 7, 2, 0
0, 7, 3, 0
0, 7, 4, 0
0, 7, 5, 0
0, 7, 6, 0
0, 7, 7, 0
0, 7, 8, 0
0, 7, 9, 0
0, 7, 10, 0
0, 7, 11, 0
0, 7, 12, 0
0, 7, 13, 0
0, 7, 14, 0
0, 7, 15, 0
0, 7, 16, 0
0, 7, 17, 0
0, 7, 18, 0
0, 7, 19, 0
0, 7, 20, 0
0, 7, 21, 0
0, 7, 22, 0
0, 7, 23, 0
0, 7, 24, 0
0, 7, 25, 0
0, 7, 26, 0
0, 7, 27, 0
0, 7, 28, 0
0, 7, 29, 0
0, 7, 30, 0
0, 7, 31, 0
0, 7, 32, 0
0, 7, 33, 0
0, 7, 34, 0
0, 7, 35, 0
0, 7, 36, 0
0, 7, 37, 0
0, 7, 38, 0
0, 7, 39, 0
0, 7, 40, 0
0, 7, 41, 0
0, 7, 42, 0
0, 7, 43, 0
0, 7, 44, 0
0, 7, 45, 1
0, 7, 46, 1
0, 7, 47, 1
0, 7, 48, 1
0, 7, 49, 1
0, 7, 50, 1
0, 7, 51, 1
0, 7, 52, 1
0, 7, 53, 1
0, 7, 54, 1
0, 7, 55, 1
0, 7, 56, 1
0, 7, 57, 1
0, 7, 58, 1
0, 7, 59, 1
0, 7, 60, 1
0, 7, 61, 1
0, 7, 62, 1
0, 7, 63, 1
0, 7, 64, 1
0, 7, 65, 1
0, 7, 66, 1
0, 7, 67, 1
0, 7, 68, 1
0, 7, 69, 1
0, 7, 70, 1
0, 7, 71, 1
0, 7, 72, 1
0, 7, 73, 1
0, 7, 74, 1
0, 7, 75, 1
0, 7, 76, 1
0, 7, 77, 1
0, 7, 78, 1
0, 7, 79, 1
0, 7, 80, 1
0, 7, 81, 1
0, 7, 82, 1
0, 7, 83, 1
0, 7, 84, 1
0, 7, 85, 1
0, 7, 86, 1
0, 7, 87, 1
0, 7, 88, 1
0, 7, 89, 1
0, 7, 90, 1
0, 7, 91, 1
0, 7, 92, 1
0, 7, 93, 1
0, 7, 94, 0
0, 7, 95, 1
0, 7, 96, 1
0, 7, 97, 1
0, 7, 98, 1
0, 7, 99, 1
0, 8, 0, 1
0, 8, 1, 1
0, 8, 2, 1
0, 8, 3, 1
0, 8, 4, 1
0, 8, 5, 1
0, 8, 6, 1
0, 8, 7, 1
0, 8, 8, 1
0, 8, 9, 1
0, 8, 10, 1
0, 8, 11, 1
0, 8, 12, 1
0, 8, 13, 1
0, 8, 14, 1
0, 8, 15, 1
0, 8, 16, 1
0, 8, 17, 1
0, 8, 18, 1
0, 8, 19, 1
0, 8, 20, 1
0, 8, 21, 1
0, 8, 22, 1
0, 8, 23, 1
0, 8, 24, 1
0, 8, 25, 1
0, 8, 26, 1
0, 8, 27, 1
0, 8, 28, 1
0, 8, 29, 1
0, 8, 30, 1
0, 8, 31, 1
0, 8, 32, 1
0, 8, 33, 1
0, 8, 34, 1
0, 8, 35, 1
0, 8, 36, 1
0, 8, 37, 1
0, 8, 38, 1
0, 8, 39, 1
0, 8, 40, 1
0, 8, 41, 1
0, 8, 42, 1
0, 8, 43, 1
0, 8, 44, 1
0, 8, 45, 1
0, 8, 46, 1
0, 8, 47, 1
0, 8, 48, 1
0, 8, 49, 1
0, 8, 50, 1
0, 8, 51, 1
0, 8, 52, 1
0, 8, 53, 1
0, 8, 54, 1
0, 8, 55, 1
0, 8, 56, 1
0, 8, 57, 1
0, 8, 58, 1
0, 8, 59, 1
0, 8, 60, 1
0, 8, 61, 1
0, 8, 62, 1
0, 8, 63, 1
0, 8, 64, 1
0, 8, 65, 1
0, 8, 66, 1
0, 8, 67, 1
0, 8, 68, 1
0, 8, 69, 1
0, 8, 70, 1
0, 8, 71, 1
0, 8, 72, 1
0, 8, 73, 1
0, 8, 74, 1
0, 8, 75, 1
0, 8, 76, 1
0, 8, 77, 1
0, 8, 78, 1
0, 8, 79, 1
0, 8, 80, 1
0, 8, 81, 1
0, 8, 82, 1
0, 8, 83, 1
0, 8, 84, 1
0, 8, 85, 1
0, 8, 86, 1
0, 8, 87, 1
0, 8, 88, 1
0, 8, 89, 1
0, 8, 90, 1
0, 8, 91, 1
0, 8, 92, 1
0, 8, 93, 1
0, 8, 94, 1
0, 8, 95, 0
0, 8, 96, 0
0, 8, 97, 1
0, 8, 98, 1
0, 8, 99, 1
0, 9, 0, 1
0, 9, 1, 1
0, 9, 2, 1
0, 9, 3, 1
0, 9, 4, 1
0, 9, 5, 1
0, 9, 6, 1
0, 9, 7, 1
0, 9, 8, 1
0, 9, 9, 1
0, 9, 10, 1
0, 9, 11, 1
0, 9, 12, 1
0, 9, 13, 1
0, 9, 14, 1
0, 9, 15, 1
0, 9, 16, 1
0, 9, 17, 1
0, 9, 18, 1
0, 9, 19, 1
0, 9, 20, 1
0, 9, 21, 1
0, 9, 22, 1
0, 9, 23, 1
0, 9, 24, 1
0, 9, 25, 1
0, 9, 26, 1
0, 9, 27, 1
0, 9, 28, 1
0, 9, 29, 1
0, 9, 30, 1
0, 9, 31, 1
0, 9, 32, 1
0, 9, 33, 1
0, 9, 34, 1
0, 9, 35, 1
0, 9, 36, 1
0, 9, 37, 1
0, 9, 38, 1
0, 9, 39, 1
0, 9, 40, 1
0, 9, 41, 1
0, 9, 42, 1
0, 9, 43, 1
0, 9, 44, 1
0, 9, 45, 1
0, 9, 46, 1
0, 9, 47, 1
0, 9, 48, 1
0, 9, 49, 1
0, 9, 50, 1
0, 9, 51, 1
0, 9, 52, 1
0, 9, 53, 1
0, 9, 54, 1
0, 9, 55, 1
0, 9, 56, 1
0, 9, 57, 1
0, 9, 58, 1
0, 9, 59, 1
0, 9, 60, 1
0, 9, 61, 0
0, 9, 62, 0
0, 9, 63, 0
0, 9, 64, 0
0, 9, 65, 0
0, 9, 66, 0
0, 9, 67, 0
0, 9, 68, 0
0, 9, 69, 0
0, 9, 70, 0
0, 9, 71, 0
0, 9, 72, 0
0, 9, 73, 0
0, 9, 74, 0
0, 9, 75, 0
0, 9, 76, 0
0, 9, 77, 0
0, 9, 78, 0
0, 9, 79, 0
0, 9, 80, 0
0, 9, 81, 0
0, 9, 82, 0
0, 9, 83, 0
0, 9, 84, 0
0, 9, 85, 0
0, 9, 86, 0
0, 9, 87, 0
0, 9, 88, 0
0, 9, 89, 0
0, 9, 90, 0
0, 9, 91, 0
0, 9, 92, 0
0, 9, 93, 0
0, 9, 94, 0
0, 9, 95, 0
0, 9, 96, 0
0, 9, 97, 0
0, 9, 98, 0
0, 9, 99, 0
1, 0, 0, 0
1, 0, 1, 0
1, 0, 2, 0
1, 0, 3, 0
1, 0, 4, 0
1, 0, 5, 0
1, 0, 6, 0
1, 0, 7, 0
1, 0, 8, 0
1, 0, 9, 0
1, 0, 10, 0
1, 0, 11, 0
1, 0, 12, 0
1, 0, 13, 0
1, 0, 14, 0
1, 0, 15, 0
1, 0, 16, 0
1, 0, 17, 0
1, 0, 18, 0
1, 0, 19, 0
1, 0, 20, 0
1, 0, 21, 0
1, 0, 22, 0
1, 0, 23, 0
1, 0, 24, 0
1, 0, 25, 0
1, 0, 26, 0
1, 0, 27, 0
1, 0, 28, 0
1, 0, 29, 0
1, 0, 30, 0
1, 0, 31, 0
1, 0, 32, 0
1, 0, 33, 0
1, 0, 34, 0
1, 0, 35, 0
1, 0, 36, 0
1, 0, 37, 0
1, 0, 38, 0
1, 0, 39, 0
1, 0, 40, 0
1, 0, 41, 0
1, 0, 42, 0
1, 0, 43, 0
1, 0, 44, 0
1, 0, 45, 0
1, 0, 46, 0
1, 0, 47, 0
1, 0, 48, 0
1, 0, 49, 0
1, 0, 50, 0
1, 0, 51, 0
1, 0, 52, 0
1, 0, 53, 0
1, 0, 54, 0
1, 0, 55, 0
1, 0, 56, 0
1, 0, 57, 0
1, 0, 58, 0
1, 0, 59, 0
1, 0, 60, 0
1, 0, 61, 1
1, 0, 62, 1
1, 0, 63, 1
1, 0, 64, 1
1, 0, 65, 1
1, 0, 66, 1
1, 0, 67, 1
1, 0, 68, 1
1, 0, 69, 1
1, 0, 70, 1
1, 0, 71, 1
1, 0, 72, 1
1, 0, 73, 1
1, 0, 74, 1
1, 0, 75, 1
1, 0, 76, 1
1, 0, 77, 1
1, 0, 78, 1
1, 0, 79, 1
1, 0, 80, 1
1, 0, 81, 1
1, 0, 82, 1
1, 0, 83, 1
1, 0, 84, 1
1, 0, 85, 1
1, 0, 86, 1
1, 0, 87, 1
1, 0, 88, 1
1, 0, 89, 1
1, 0, 90, 1
1, 0, 91, 1
1, 0, 92, 1
1, 0, 93, 1
1, 0, 94, 1
1, 0, 95, 0
1, 0, 96, 1
1, 0, 97, 1
1, 0, 98, 1
1, 0, 99, 1
1, 1, 0, 1
1, 1, 1, 1
1, 1, 2, 1
1, 1, 3, 1
1, 1, 4, 1
1, 1, 5, 1
1, 1, 6, 1
1, 1, 7, 1
1, 1, 8, 1
1, 1, 9, 1
1, 1, 10, 1
1, 1, 11, 1
1, 1, 12, 1
1, 1, 13, 1
1, 1, 14, 1
1, 1, 15, 1
1, 1, 16, 1
1, 1, 17, 1
1, 1, 18, 1
1, 1, 19, 1
1, 1, 20, 1
1, 1, 21, 1
1, 1, 22, 1
1, 1, 23, 1
1, 1, 24, 1
1, 1, 25, 1
1, 1, 26, 1
1, 1, 27, 1
1, 1, 28, 1
1, 1, 29, 1
1, 1, 30, 1
1, 1, 31, 1
1, 1, 32, 1
1, 1, 33, 1
1, 1, 34, 1
1, 1, 35, 1
1, 1, 36, 1
1, 1, 37, 1
1, 1, 38, 1
1, 1, 39, 1
1, 1, 40, 1
1, 1, 41, 1
1, 1, 42, 1
1, 1, 43, 1
1, 1, 44, 1
1, 1, 45, 1
1, 1, 46, 1
1, 1, 47, 1
1, 1, 48, 1
1, 1, 49, 1
1, 1, 50, 1
1, 1, 51, 1
1, 1, 52, 1
1, 1, 53, 1
1, 1, 54, 1
1, 1, 55, 1
1, 1, 56, 1
1, 1, 57, 1
1, 1, 58, 1
1, 1, 59, 1
1, 1, 60, 1
1, 1, 61, 1
1, 1, 62, 1
1, 1, 63, 1
1, 1, 64, 1
1, 1, 65, 1
1, 1, 66, 1
1, 1, 67, 1
1, 1, 68, 1
1, 1, 69, 1
1, 1, 70, 1
1, 1, 71, 1
1, 1, 72, 1
1, 1, 73, 1
1, 1, 74, 1
1, 1, 75, 1
1, 1, 76, 1
1, 1, 77, 1
1, 1, 78, 1
1, 1, 79, 1
1, 1, 80, 1
1, 1, 81, 1
1, 1, 82, 1
1, 1, 83, 1
1, 1, 84, 1
1, 1, 85, 1
1, 1, 86, 1
1, 1, 87, 1
1, 1, 88, 1
1, 1, 89, 1
1, 1, 90, 1
1, 1, 91, 1
1, 1, 92, 1
1, 1, 93, 1
1, 1, 94, 0
1, 1, 95, 0
1, 1, 96, 1
1, 1, 97, 1
1, 1, 98, 1
1, 1, 99, 1
1, 2, 0, 1
1, 2, 1, 1
1, 2, 2, 1
1, 2, 3, 1
1, 2, 4, 1
1, 2, 5, 1
1, 2, 6, 1
1, 2, 7, 1
1, 2, 8, 1
1, 2, 9, 1
1, 2, 10, 1
1, 2, 11, 1
1, 2, 12, 1
1, 2, 13, 1
1, 2, 14, 1
1, 2, 15, 1
1, 2, 16, 1
1, 2, 17, 1
1, 2, 18, 1
1, 2, 19, 1
1, 2, 20, 1
1, 2, 21, 1
1, 2, 22, 1
1, 2, 23, 1
1, 2, 24, 1
1, 2, 25, 1
1, 2, 26, 1
1, 2, 27, 1
1, 2, 28, 1
1, 2, 29, 1
1, 2, 30, 1
1, 2, 31, 1
1, 2, 32, 1
1, 2, 33, 1
1, 2, 34, 1
1, 2, 35, 1
1, 2, 36, 1
1, 2, 37, 1
1, 2, 38, 1
1, 2, 39, 1
1, 2, 40, 1
1, 2, 41, 1
1, 2, 42, 1
1, 2, 43, 1
1, 2, 44, 1
1, 2, 45, 1
1, 2, 46, 1
1, 2, 47, 1
1, 2, 48, 1
1, 2, 49, 1
1, 2, 50, 1
1, 2, 51, 1
1, 2, 52, 1
1, 2, 53, 1
1, 2, 54, 1
1, 2, 55, 1
1, 2, 56, 1
1, 2, 57, 1
1, 2, 58, 1
1, 2, 59, 1
1, 2, 60, 1
1, 2, 61, 1
1, 2, 62, 1
1, 2, 63, 1
1, 2, 64, 1
1, 2, 65, 1
1, 2, 66, 1
1, 2, 67, 1
1, 2, 68, 1
1, 2, 69, 1
1, 2, 70, 1
1, 2, 71, 1
1, 2, 72, 1
1, 2, 73, 1
1, 2, 74, 1
1, 2, 75, 1
1, 2, 76, 1
1, 2, 77, 1
1, 2, 78, 1
1, 2, 79, 1
1, 2, 80, 1
1, 2, 81, 1
1, 2, 82, 1
1, 2, 83, 1
1, 2, 84, 1
1, 2, 85, 1
1, 2, 86, 1
1, 2, 87, 1
1, 2, 88, 1
1, 2, 89, 1
1, 2, 90, 1
1, 2, 91, 1
1, 2, 92, 1
1, 2, 93, 1
1, 2, 94, 1
1, 2, 95, 0
1, 2, 96, 1
1, 2, 97, 1
1, 2, 98, 1
1, 2, 99, 1
1, 3, 0, 1
1, 3, 1, 1
1, 3, 2, 1
1, 3, 3, 1
1, 3, 4, 1
1, 3, 5, 1
1, 3, 6, 1
1, 3, 7, 1
1, 3, 8, 1
1, 3, 9, 1
1, 3, 10, 1
1, 3, 11, 1
1, 3, 12, 1
1, 3, 13, 1
1, 3, 14, 1
1, 3, 15, 1
1, 3, 16, 1
1, 3, 17, 1
1, 3, 18, 1
1, 3, 19, 1
1, 3, 20, 1
1, 3, 21, 1
1, 3, 22, 1
1, 3, 23, 1
1, 3, 24, 1
1, 3, 25, 1
1, 3, 26, 1
1, 3, 27, 1
1, 3, 28, 1
1, 3, 29, 1
1, 3, 30, 1
1, 3, 31, 1
1, 3, 32, 1
1, 3, 33, 1
1, 3, 34, 1
1, 3, 35, 1
1, 3, 36, 1
1, 3, 37, 1
1, 3, 38, 1
1, 3, 39, 1
1, 3, 40, 1
1, 3, 41, 1
1, 3, 42, 1
1, 3, 43, 1
1, 3, 44, 1
1, 3, 45, 1
1, 3, 46, 1
1, 3, 47, 1
1, 3, 48, 1
1, 3, 49, 1
1, 3, 50, 1
1, 3, 51, 1
1, 3, 52, 1
1, 3, 53, 1
1, 3, 54, 1
1, 3, 55, 1
1, 3, 56, 1
1, 3, 57, 1
1, 3, 58, 1
1, 3, 59, 1
1, 3, 60, 1
1, 3, 61, 1
1, 3, 62, 1
1, 3, 63, 1
1, 3, 64, 1
1, 3, 65, 1
1, 3, 66, 1
1, 3, 67, 1
1, 3, 68, 1
1, 3, 69, 1
1, 3, 70, 1
1, 3, 71, 1
1, 3, 72, 1
1, 3, 73, 1
1, 3, 74, 1
1, 3, 75, 1
1, 3, 76, 1
1, 3, 77, 1
1, 3, 78, 1
1, 3, 79, 1
1, 3, 80, 1
1, 3, 81, 1
1, 3, 82, 1
1, 3, 83, 1
1, 3, 84, 1
1, 3, 85, 1
1, 3, 86, 1
1, 3, 87, 1
1, 3, 88, 1
1, 3, 89, 1
1, 3, 90, 1
1, 3, 91, 1
1, 3, 92, 1
1, 3, 93, 1
1, 3, 94, 0
1, 3, 95, 0
1, 3, 96, 1
1, 3, 97, 1
1, 3, 98, 1
1, 3, 99, 1
1, 4, 0, 1
1, 4, 1, 1
1, 4, 2, 1
1, 4, 3, 1
1, 4, 4, 1
1, 4, 5, 1
1, 4, 6, 1
1, 4, 7, 1
1, 4, 8, 1
1, 4, 9, 1
1, 4, 10, 1
1, 4, 11, 1
1, 4, 12, 1
1, 4, 13, 1
1, 4, 14, 1
1, 4, 15, 1
1, 4, 16, 1
1, 4, 17, 1
1, 4, 18, 1
1, 4, 19, 1
1, 4, 20, 1
1, 4, 21, 1
1, 4, 22, 1
1, 4, 23, 1
1, 4, 24, 1
1, 4, 25, 1
1, 4, 26, 1
1, 4, 27, 1
1, 4, 28, 1
1, 4, 29, 1
1, 4, 30, 1
1, 4, 31, 1
1, 4, 32, 1
1, 4, 33, 1
1, 4, 34, 1
1, 4, 35, 1
1, 4, 36, 1
1, 4, 37, 1
1, 4, 38, 1
1, 4, 39, 1
1, 4, 40, 1
1, 4, 41, 1
1, 4, 42, 1
1, 4, 43, 1
1, 4, 44, 1
1, 4, 45, 1
1, 4, 46, 1
1, 4, 47, 1
1, 4, 48, 1
1, 4, 49, 1
1, 4, 50, 1
1, 4, 51, 1
1, 4, 52, 1
1, 4, 53, 1
1, 4, 54, 1
1, 4, 55, 1
1, 4, 56, 1
1, 4, 57, 1
1, 4, 58, 1
1, 4, 59, 1
1, 4, 60, 1
1, 4, 61, 1
1, 4, 62, 1
1, 4, 63, 1
1, 4, 64, 1
1, 4, 65, 1
1, 4, 66, 1
1, 4, 67, 1
1, 4, 68, 1
1, 4, 69, 1
1, 4, 70, 1
1, 4, 71, 1
1, 4, 72, 1
1, 4, 73, 1
1, 4, 74, 1
1, 4, 75, 1
1, 4, 76, 1
1, 4, 77, 1
1, 4, 78, 1
1, 4, 79, 1
1, 4, 80, 1
1, 4, 81, 1
1, 4, 82, 1
1, 4, 83, 1
1, 4, 84, 1
1, 4, 85, 1
1, 4, 86, 1
1, 4, 87, 1
1, 4, 88, 1
1, 4, 89, 1
1, 4, 90, 1
1, 4, 91, 1
1, 4, 92, 1
1, 4, 93, 1
1, 4, 94, 1
1, 4, 95, 0
1, 4, 96, 1
1, 4, 97, 1
1, 4, 98, 1
1, 4, 99, 1
1, 5, 0, 1
1, 5, 1, 0
1, 5, 2, 0
1, 5, 3, 0
1, 5, 4, 0
1, 5, 5, 0
1, 5, 6, 0
1, 5, 7, 0
1, 5, 8, 0
1, 5, 9, 0
1, 5, 10, 0
1, 5, 11, 0
1, 5, 12, 0
1, 5, 13, 0
1, 5, 14, 0
1, 5, 15, 0
1, 5, 16, 0
1, 5, 17, 0
1, 5, 18, 0
1, 5, 19, 0
1, 5, 20, 0
1, 5, 21, 0
1, 5, 22, 0
1, 5, 23, 0
1, 5, 24, 0
1, 5, 25, 0
1, 5, 26, 0
1, 5, 27, 0
1, 5, 28, 0
1, 5, 29, 0
1, 5, 30, 0
1, 5, 31, 0
1, 5, 32, 0
1, 5, 33, 0
1, 5, 34, 0
1, 5, 35, 0
1, 5, 36, 0
1, 5, 37, 0
1, 5, 38, 0
1, 5, 39, 0
1, 5, 40, 0
1, 5, 41, 0
1, 5, 42, 0
1, 5, 43, 0
1, 5, 44, 0
1, 5, 45, 0
1, 5, 46, 0
1, 5, 47, 0
1, 5, 48, 0
1, 5, 49, 0
1, 5, 50, 0
1, 5, 51, 0
1, 5, 52, 0
1, 5, 53, 0
1, 5, 54, 0
1, 5, 55, 0
1, 5, 56, 0
1, 5, 57, 0
1, 5, 58, 0
1, 5, 59, 0
1, 5, 60, 0
1, 5, 61, 0
1, 5, 62, 0
1, 5, 63, 0
1, 5, 64, 0
1, 5, 65, 0
1, 5, 66, 0
1, 5, 67, 0
1, 5, 68, 0
1, 5, 69, 0
1, 5, 70, 0
1, 5, 71, 0
1, 5, 72, 0
1, 5, 73, 0
1, 5, 74, 0
1, 5, 75, 0
1, 5, 76, 0
1, 5, 77, 0
1, 5, 78, 0
1, 5, 79, 0
1, 5, 80, 0
1, 5, 81, 0
1, 5, 82, 0
1, 5, 83, 0
1, 5, 84, 0
1, 5, 85, 0
1, 5, 86, 0
1, 5, 87, 0
1, 5, 88, 1
1, 5, 89, 1
1, 5, 90, 1
1, 5, 91, 1
1, 5, 92, 1
1, 5, 93, 1
1, 5, 94, 0
1, 5, 95, 0
1, 5, 96, 0
1, 5, 97, 0
1, 5, 98, 0
1, 5, 99, 0
1, 6, 0, 0
1, 6, 1, 0
1, 6, 2, 0
1, 6, 3, 0
1, 6, 4, 0
1, 6, 5, 0
1, 6, 6, 0
1, 6, 7, 0
1, 6, 8, 0
1, 6, 9, 0
1, 6, 10, 0
1, 6, 11, 0
1, 6, 12, 0
1, 6, 13, 0
1, 6, 14, 0
1, 6, 15, 0
1, 6, 16, 0
1, 6, 17, 0
1, 6, 18, 0
1, 6, 19, 0
1, 6, 20, 0
1, 6, 21, 0
1, 6, 22, 0
1, 6, 23, 0
1, 6, 24, 0
1, 6, 25, 0
1, 6, 26, 0
1, 6, 27, 0
1, 6, 28, 0
1, 6, 29, 0
1, 6, 30, 0
1, 6, 31, 0
1, 6, 32, 0
1, 6, 33, 0
1, 6, 34, 0
1, 6, 35, 0
1, 6, 36, 0
1, 6, 37, 0
1, 6, 38, 0
1, 6, 39, 0
1, 6, 40, 0
1, 6, 41, 0
1, 6, 42, 0
1, 6, 43, 0
1, 6, 44, 0
1, 6, 45, 0
1, 6, 46, 0
1, 6, 47, 0
1, 6, 48, 0
1, 6, 49, 0
1, 6, 50, 0
1, 6, 51, 0
1, 6, 52, 0
1, 6, 53, 0
1, 6, 54, 0
1, 6, 55, 0
1, 6, 56, 0
1, 6, 57, 0
1, 6, 58, 0
1, 6, 59, 0
1, 6, 60, 0
1, 6, 61, 0
1, 6, 62, 0
1, 6, 63, 0
1, 6, 64, 0
1, 6, 65, 0
1, 6, 66, 0
1, 6, 67, 0
1, 6, 68, 0
1, 6, 69, 0
1, 6, 70, 0
1, 6, 71, 0
1, 6, 72, 0
1, 6, 73, 0
1, 6, 74, 0
1, 6, 75, 0
1, 6, 76, 0
1, 6, 77, 0
1, 6, 78, 0
1, 6, 79, 0
1, 6, 80, 0
1, 6, 81, 0
1, 6, 82, 0
1, 6, 83, 0
1, 6, 84, 0
1, 6, 85, 0
1, 6, 86, 0
1, 6, 87, 0
1, 6, 88, 1
1, 6, 89, 1
1, 6, 90, 1
1, 6, 91, 1
1, 6, 92, 1
1, 6, 93, 1
1, 6, 94, 1
1, 6, 95, 0
1, 6, 96, 0
1, 6, 97, 0
1, 6, 98, 0
1, 6, 99, 0
1, 7, 0, 0
1, 7, 1, 0
1, 7, 2, 0
1, 7, 3, 0
1, 7, 4, 0
1, 7, 5, 0
1, 7, 6, 0
1, 7, 7, 0
1, 7, 8, 0
1, 7, 9, 0
1, 7, 10, 0
1, 7, 11, 0
1, 7, 12, 0
1, 7, 13, 0
1, 7, 14, 0
1, 7, 15, 0
1, 7, 16, 0
1, 7, 17, 0
1, 7, 18, 0
1, 7, 19, 0
1, 7, 20, 0
1, 7, 21, 0
1, 7, 22, 0
1, 7, 23, 0
1, 7, 24, 0
1, 7, 25, 0
1, 7, 26, 0
1, 7, 27, 0
1, 7, 28, 0
1, 7, 29, 0
1, 7, 30, 0
1, 7, 31, 0
1, 7, 32, 0
1, 7, 33, 0
1, 7, 34, 0
1, 7, 35, 0
1, 7, 36, 0
1, 7, 37, 0
1, 7, 38, 0
1, 7, 39, 0
1, 7, 40, 0
1, 7, 41, 0
1, 7, 42, 0
1, 7, 43, 0
1, 7, 44, 0
1, 7, 45, 0
1, 7, 46, 0
1, 7, 47, 0
1, 7, 48, 0
1, 7, 49, 0
1, 7, 50, 0
1, 7, 51, 0
1, 7, 52, 0
1, 7, 53, 0
1, 7, 54, 0
1, 7, 55, 0
1, 7, 56, 0
1, 7, 57, 0
1, 7, 58, 0
1, 7, 59, 0
1, 7, 60, 0
1, 7, 61, 0
1, 7, 62, 0
1, 7, 63, 0
1, 7, 64, 0
1, 7, 65, 0
1, 7, 66, 0
1, 7, 67, 0
1, 7, 68, 0
1, 7, 69, 0
1, 7, 70, 0
1, 7, 71, 0
1, 7, 72, 0
1, 7, 73, 0
1, 7, 74, 0
1, 7, 75, 0
1, 7, 76, 0
1, 7, 77, 0
1, 7, 78, 0
1, 7, 79, 0
1, 7, 80, 0
1, 7, 81, 0
1, 7, 82, 0
1, 7, 83, 0
1, 7, 84, 0
1, 7, 85, 0
1, 7, 86, 0
1, 7, 87, 0
1, 7, 88, 1
1, 7, 89, 1
1, 7, 90, 1
1, 7, 91, 1
1, 7, 92, 1
1, 7, 93, 1
1, 7, 94, 1
1, 7, 95, 0
1, 7, 96, 0
1, 7, 97, 0
1, 7, 98, 0
1, 7, 99, 0
1, 8, 0, 0
1, 8, 1, 0
1, 8, 2, 0
1, 8, 3, 0
1, 8, 4, 0
1, 8, 5, 0
1, 8, 6, 0
1, 8, 7, 0
1, 8, 8, 0
1, 8, 9, 0
1, 8, 10, 0
1, 8, 11, 0
1, 8, 12, 0
1, 8, 13, 0
1, 8, 14, 0
1, 8, 15, 0
1, 8, 16, 0
1, 8, 17, 0
1, 8, 18, 0
1, 8, 19, 0
1, 8, 20, 0
1, 8, 21, 0
1, 8, 22, 0
1, 8, 23, 0
1, 8, 24, 0
1, 8, 25, 0
1, 8, 26, 0
1, 8, 27, 0
1, 8, 28, 0
1, 8, 29, 0
1, 8, 30, 0
1, 8, 31, 0
1, 8, 32, 0
1, 8, 33, 0
1, 8, 34, 0
1, 8, 35, 0
1, 8, 36, 0
1, 8, 37, 0
1, 8, 38, 0
1, 8, 39, 0
1, 8, 40, 0
1, 8, 41, 0
1, 8, 42, 0
1, 8, 43, 0
1, 8, 44, 0
1, 8, 45, 0
1, 8, 46, 0
1, 8, 47, 0
1, 8, 48, 0
1, 8, 49, 0
1, 8, 50, 0
1, 8, 51, 0
1, 8, 52, 0
1, 8, 53, 0
1, 8, 54, 0
1, 8, 55, 0
1, 8, 56, 0
1, 8, 57, 0
1, 8, 58, 0
1, 8, 59, 0
1, 8, 60, 0
1, 8, 61, 0
1, 8, 62, 0
1, 8, 63, 0
1, 8, 64, 0
1, 8, 65, 0
1, 8, 66, 0
1, 8, 67, 0
1, 8, 68, 0
1, 8, 69, 0
1, 8, 70, 0
1, 8, 71, 0
1, 8, 72, 0
1, 8, 73, 0
1, 8, 74, 0
1, 8, 75, 0
1, 8, 76, 0
1, 8, 77, 0
1, 8, 78, 0
1, 8, 79, 0
1, 8, 80, 0
1, 8, 81, 0
1, 8, 82, 0
1, 8, 83, 0
1, 8, 84, 0
1, 8, 85, 0
1, 8, 86, 0
1, 8, 87, 0
1, 8, 88, 1
1, 8, 89, 1
1, 8, 90, 1
1, 8, 91, 1
1, 8, 92, 1
1, 8, 93, 1
1, 8, 94, 1
1, 8, 95, 1
1, 8, 96, 0
1, 8, 97, 0
1, 8, 98, 0
1, 8, 99, 0
1, 9, 0, 0
1, 9, 1, 0
1, 9, 2, 0
1, 9, 3, 0
1, 9, 4, 0
1, 9, 5, 0
1, 9, 6, 0
1, 9, 7, 0
1, 9, 8, 0
1, 9, 9, 0
1, 9, 10, 0
1, 9, 11, 0
1, 9, 12, 0
1, 9, 13, 0
1, 9, 14, 0
1, 9, 15, 0
1, 9, 16, 0
1, 9, 17, 0
1, 9, 18, 0
1, 9, 19, 0
1, 9, 20, 0
1, 9, 21, 0
1, 9, 22, 0
1, 9, 23, 0
1, 9, 24, 0
1, 9, 25, 0
1, 9, 26, 0
1, 9, 27, 0
1, 9, 28, 0
1, 9, 29, 0
1, 9, 30, 0
1, 9, 31, 0
1, 9, 32, 0
1, 9, 33, 0
1, 9, 34, 0
1, 9, 35, 0
1, 9, 36, 0
1, 9, 37, 0
1, 9, 38, 0
1, 9, 39, 0
1, 9, 40, 0
1, 9, 41, 0
1, 9, 42, 0
1, 9, 43, 0
1, 9, 44, 0
1, 9, 45, 0
1, 9, 46, 0
1, 9, 47, 0
1, 9, 48, 0
1, 9, 49, 0
1, 9, 50, 0
1, 9, 51, 0
1, 9, 52, 0
1, 9, 53, 0
1, 9, 54, 0
1, 9, 55, 0
1, 9, 56, 0
1, 9, 57, 0
1, 9, 58, 0
1, 9, 59, 0
1, 9, 60, 0
1, 9, 61, 0
1, 9, 62, 0
1, 9, 63, 0
1, 9, 64, 0
1, 9, 65, 0
1, 9, 66, 0
1, 9, 67, 0
1, 9, 68, 0
1, 9, 69, 0
1, 9, 70, 0
1, 9, 71, 0
1, 9, 72, 0
1, 9, 73, 0
1, 9, 74, 0
1, 9, 75, 0
1, 9, 76, 0
1, 9, 77, 0
1, 9, 78, 0
1, 9, 79, 0
1, 9, 80, 0
1, 9, 81, 0
1, 9, 82, 0
1, 9, 83, 0
1, 9, 84, 0
1, 9, 85, 0
1, 9, 86, 0
1, 9, 87, 0
1, 9, 88, 0
1, 9, 89, 0
1, 9, 90, 0
1, 9, 91, 0
1, 9, 92, 0
1, 9, 93, 0
1, 9, 94, 0
1, 9, 95, 0
1, 9, 96, 0
1, 9, 97, 0
1, 9, 98, 0
1, 9, 99, 0
2, 0, 0, 0
2, 0, 1, 0
2, 0, 2, 0
2, 0, 3, 0
2, 0, 4, 0
2, 0, 5, 0
2, 0, 6, 0
2, 0, 7, 0
2, 0, 8, 0
2, 0, 9, 0
2, 0, 10, 0
2, 0, 11, 0
2, 0, 12, 0
2, 0, 13, 0
2, 0, 14, 0
2, 0, 15, 0
2, 0, 16, 0
2, 0, 17, 0
2, 0, 18, 0
2, 0, 19, 0
2, 0, 20, 0
2, 0, 21, 0
2, 0, 22, 0
2, 0, 23, 0
2, 0, 24, 0
2, 0, 25, 0
2, 0, 26, 0
2, 0, 27, 0
2, 0, 28, 0
2, 0, 29, 0
2, 0, 30, 0
2, 0, 31, 0
2, 0, 32, 0
2, 0, 33, 0
2, 0, 34, 0
2, 0, 35, 1
2, 0, 36, 1
2, 0, 37, 1
2, 0, 38, 1
2, 0, 39, 1
2, 0, 40, 1
2, 0, 41, 1
2, 0, 42, 1
2, 0, 43, 1
2, 0, 44, 1
2, 0, 45, 1
2, 0, 46, 1
2, 0, 47, 1
2, 0, 48, 1
2, 0, 49, 1
2, 0, 50, 1
2, 0, 51, 1
2, 0, 52, 1
2, 0, 53, 1
2, 0, 54, 1
2, 0, 55, 1
2, 0, 56, 1
2, 0, 57, 1
2, 0, 58, 1
2, 0, 59, 1
2, 0, 60, 1
2, 0, 61, 1
2, 0, 62, 1
2, 0, 63, 1
2, 0, 64, 1
2, 0, 65, 1
2, 0, 66, 1
2, 0, 67, 1
2, 0, 68, 1
2, 0, 69, 1
2, 0, 70, 1
2, 0, 71, 1
2, 0, 72, 1
2, 0, 73, 1
2, 0, 74, 1
2, 0, 75, 1
2, 0, 76, 1
2, 0, 77, 1
2, 0, 78, 1
2, 0, 79, 1
2, 0, 80, 1
2, 0, 81, 1
2, 0, 82, 1
2, 0, 83, 1
2, 0, 84, 1
2, 0, 85, 1
2, 0, 86, 1
2, 0, 87, 1
2, 0, 88, 1
2, 0, 89, 1
2, 0, 90, 1
2, 0, 91, 1
2, 0, 92, 1
2, 0, 93, 1
2, 0, 94, 1
2, 0, 95, 1
2, 0, 96, 1
2, 0, 97, 1
2, 0, 98, 1
2, 0, 99, 0
2, 1, 0, 1
2, 1, 1, 1
2, 1, 2, 1
2, 1, 3, 1
2, 1, 4, 1
2, 1, 5, 1
2, 1, 6, 1
2, 1, 7, 1
2, 1, 8, 1
2, 1, 9, 1
2, 1, 10, 1
2, 1, 11, 1
2, 1, 12, 1
2, 1, 13, 1
2, 1, 14, 1
2, 1, 15, 1
2, 1, 16, 1
2, 1, 17, 1
2, 1, 18, 1
2, 1, 19, 1
2, 1, 20, 1
2, 1, 21, 1
2, 1, 22, 1
2, 1, 23, 1
2, 1, 24, 1
2, 1, 25, 1
2, 1, 26, 1
2, 1, 27, 1
2, 1, 28, 1
2, 1, 29, 1
2, 1, 30, 1
2, 1, 31, 1
2, 1, 32, 1
2, 1, 33, 1
2, 1, 34, 1
2, 1, 35, 1
2, 1, 36, 1
2, 1, 37, 1
2, 1, 38, 1
2, 1, 39, 1
2, 1, 40, 1
2, 1, 41, 1
2, 1, 42, 1
2, 1, 43, 1
2, 1, 44, 1
2, 1, 45, 1
2, 1, 46, 1
2, 1, 47, 1
2, 1, 48, 1
2, 1, 49, 1
2, 1, 50, 1
2, 1, 51, 1
2, 1, 52, 1
2, 1, 53, 1
2, 1, 54, 1
2, 1, 55, 1
2, 1, 56, 1
2, 1, 57, 1
2, 1, 58, 1
2, 1, 59, 1
2, 1, 60, 1
2, 1, 61, 1
2, 1, 62, 1
2, 1, 63, 1
2, 1, 64, 1
2, 1, 65, 1
2, 1, 66, 1
2, 1, 67, 1
2, 1, 68, 1
2, 1, 69, 1
2, 1, 70, 1
2, 1, 71, 1
2, 1, 72, 1
2, 1, 73, 1
2, 1, 74, 1
2, 1, 75, 1
2, 1, 76, 1
2, 1, 77, 1
2, 1, 78, 1
2, 1, 79, 1
2, 1, 80, 1
2, 1, 81, 1
2, 1, 82, 1
2, 1, 83, 1
2, 1, 84, 1
2, 1, 85, 1
2, 1, 86, 1
2, 1, 87, 1
2, 1, 88, 1
2, 1, 89, 1
2, 1, 90, 1
2, 1, 91, 1
2, 1, 92, 1
2, 1, 93, 1
2, 1, 94, 1
2, 1, 95, 1
2, 1, 96, 1
2, 1, 97, 1
2, 1, 98, 0
2, 1, 99, 0
2, 2, 0, 0
2, 2, 1, 0
2, 2, 2, 1
2, 2, 3, 1
2, 2, 4, 1
2, 2, 5, 1
2, 2, 6, 1
2, 2, 7, 1
2, 2, 8, 1
2, 2, 9, 1
2, 2, 10, 1
2, 2, 11, 1
2, 2, 12, 1
2, 2, 13, 1
2, 2, 14, 1
2, 2, 15, 1
2, 2, 16, 1
2, 2, 17, 1
2, 2, 18, 1
2, 2, 19, 1
2, 2, 20, 1
2, 2, 21, 1
2, 2, 22, 1
2, 2, 23, 1
2, 2, 24, 1
2, 2, 25, 1
2, 2, 26, 1
2, 2, 27, 1
2, 2, 28, 1
2, 2, 29, 1
2, 2, 30, 1
2, 2, 31, 1
2, 2, 32, 1
2, 2, 33, 1
2, 2, 34, 1
2, 2, 35, 1
2, 2, 36, 1
2, 2, 37, 1
2, 2, 38, 1
2, 2, 39, 1
2, 2, 40, 1
2, 2, 41, 1
2, 2, 42, 1
2, 2, 43, 1
2, 2, 44, 1
2, 2, 45, 1
2, 2, 46, 1
2, 2, 47, 1
2, 2, 48, 1
2, 2, 49, 1
2, 2, 50, 1
2, 2, 51, 1
2, 2, 52, 1
2, 2, 53, 1
2, 2, 54, 1
2, 2, 55, 1
2, 2, 56, 1
2, 2, 57, 1
2, 2, 58, 1
2, 2, 59, 1
2, 2, 60, 1
2, 2, 61, 1
2, 2, 62, 1
2, 2, 63, 1
2, 2, 64, 1
2, 2, 65, 1
2, 2, 66, 1
2, 2, 67, 1
2, 2, 68, 1
2, 2, 69, 1
2, 2, 70, 1
2, 2, 71, 1
2, 2, 72, 1
2, 2, 73, 1
2, 2, 74, 1
2, 2, 75, 1
2, 2, 76, 1
2, 2, 77, 1
2, 2, 78, 1
2, 2, 79, 1
2, 2, 80, 1
2, 2, 81, 1
2, 2, 82, 1
2, 2, 83, 1
2, 2, 84, 1
2, 2, 85, 1
2, 2, 86, 1
2, 2, 87, 1
2, 2, 88, 1
2, 2, 89, 1
2, 2, 90, 1
2, 2, 91, 1
2, 2, 92, 1
2, 2, 93, 1
2, 2, 94, 1
2, 2, 95, 1
2, 2, 96, 1
2, 2, 97, 0
2, 2, 98, 0
2, 2, 99, 0
2, 3, 0, 0
2, 3, 1, 0
2, 3, 2, 0
2, 3, 3, 0
2, 3, 4, 1
2, 3, 5, 1
2, 3, 6, 1
2, 3, 7, 1
2, 3, 8, 1
2, 3, 9, 1
2, 3, 10, 1
2, 3, 11, 1
2, 3, 12, 1
2, 3, 13, 1
2, 3, 14, 1
2, 3, 15, 1
2, 3, 16, 1
2, 3, 17, 1
2, 3, 18, 1
2, 3, 19, 1
2, 3, 20, 1
2, 3, 21, 1
2, 3, 22, 1
2, 3, 23, 1
2, 3, 24, 1
2, 3, 25, 1
2, 3, 26, 1
2, 3, 27, 1
2, 3, 28, 1
2, 3, 29, 1
2, 3, 30, 1
2, 3, 31, 1
2, 3, 32, 1
2, 3, 33, 1
2, 3, 34, 1
2, 3, 35, 1
2, 3, 36, 1
2, 3, 37, 1
2, 3, 38, 1
2, 3, 39, 1
2, 3, 40, 1
2, 3, 41, 1
2, 3, 42, 1
2, 3, 43, 1
2, 3, 44, 1
2, 3, 45, 1
2, 3, 46, 1
2, 3, 47, 1
2, 3, 48, 1
2, 3, 49, 1
2, 3, 50, 1
2, 3, 51, 1
2, 3, 52, 1
2, 3, 53, 1
2, 3, 54, 1
2, 3, 55, 1
2, 3, 56, 1
2, 3, 57, 1
2, 3, 58, 1
2, 3, 59, 1
2, 3, 60, 1
2, 3, 61, 1
2, 3, 62, 1
2, 3, 63, 1
2, 3, 64, 1
2, 3, 65, 1
2, 3, 66, 1
2, 3, 67, 1
2, 3, 68, 1
2, 3, 69, 1
2, 3, 70, 1
2, 3, 71, 1
2, 3, 72, 1
2, 3, 73, 1
2, 3, 74, 1
2, 3, 75, 1
2, 3, 76, 1
2, 3, 77, 1
2, 3, 78, 1
2, 3, 79, 1
2, 3, 80, 1
2, 3, 81, 1
2, 3, 82, 1
2, 3, 83, 1
2, 3, 84, 1
2, 3, 85, 1
2, 3, 86, 1
2, 3, 87, 1
2, 3, 88, 1
2, 3, 89, 1
2, 3, 90, 1
2, 3, 91, 1
2, 3, 92, 1
2, 3, 93, 1
2, 3, 94, 1
2, 3, 95, 1
2, 3, 96, 1
2, 3, 97, 1
2, 3, 98, 1
2, 3, 99, 1
2, 4, 0, 0
2, 4, 1, 0
2, 4, 2, 0
2, 4, 3, 0
2, 4, 4, 0
2, 4, 5, 1
2, 4, 6, 1
2, 4, 7, 1
2, 4, 8, 1
2, 4, 9, 1
2, 4, 10, 1
2, 4, 11, 1
2, 4, 12, 1
2, 4, 13, 1
2, 4, 14, 1
2, 4, 15, 1
2, 4, 16, 1
2, 4, 17, 1
2, 4, 18, 1
2, 4, 19, 1
2, 4, 20, 1
2, 4, 21, 1
2, 4, 22, 1
2, 4, 23, 1
2, 4, 24, 1
2, 4, 25, 1
2, 4, 26, 1
2, 4, 27, 1
2, 4, 28, 1
2, 4, 29, 1
2, 4, 30, 1
2, 4, 31, 1
2, 4, 32, 1
2, 4, 33, 1
2, 4, 34, 1
2, 4, 35, 1
2, 4, 36, 1
2, 4, 37, 1
2, 4, 38, 1
2, 4, 39, 1
2, 4, 40, 1
2, 4, 41, 1
2, 4, 42, 1
2, 4, 43, 1
2, 4, 44, 1
2, 4, 45, 1
2, 4, 46, 1
2, 4, 47, 1
2, 4, 48, 1
2, 4, 49, 1
2, 4, 50, 1
2, 4, 51, 1
2, 4, 52, 1
2, 4, 53, 1
2, 4, 54, 1
2, 4, 55, 1
2, 4, 56, 1
2, 4, 57, 1
2, 4, 58, 1
2, 4, 59, 1
2, 4, 60, 1
2, 4, 61, 1
2, 4, 62, 1
2, 4, 63, 1
2, 4, 64, 1
2, 4, 65, 1
2, 4, 66, 1
2, 4, 67, 1
2, 4, 68, 1
2, 4, 69, 1
2, 4, 70, 1
2, 4, 71, 1
2, 4, 72, 1
2, 4, 73, 1
2, 4, 74, 1
2, 4, 75, 1
2, 4, 76, 1
2, 4, 77, 1
2, 4, 78, 1
2, 4, 79, 1
2, 4, 80, 1
2, 4, 81, 1
2, 4, 82, 1
2, 4, 83, 1
2, 4, 84, 1
2, 4, 85, 1
2, 4, 86, 1
2, 4, 87, 1
2, 4, 88, 1
2, 4, 89, 1
2, 4, 90, 1
2, 4, 91, 1
2, 4, 92, 1
2, 4, 93, 1
2, 4, 94, 1
2, 4, 95, 1
2, 4, 96, 1
2, 4, 97, 1
2, 4, 98, 1
2, 4, 99, 1
2, 5, 0, 1
2, 5, 1, 1
2, 5, 2, 1
2, 5, 3, 1
2, 5, 4, 0
2, 5, 5, 1
2, 5, 6, 1
2, 5, 7, 1
2, 5, 8, 1
2, 5, 9, 1
2, 5, 10, 1
2, 5, 11, 0
2, 5, 12, 0
2, 5, 13, 0
2, 5, 14, 0
2, 5, 15, 0
2, 5, 16, 0
2, 5, 17, 0
2, 5, 18, 0
2, 5, 19, 0
2, 5, 20, 0
2, 5, 21, 0
2, 5, 22, 0
2, 5, 23, 0
2, 5, 24, 0
2, 5, 25, 0
2, 5, 26, 0
2, 5, 27, 0
2, 5, 28, 0
2, 5, 29, 0
2, 5, 30, 0
2, 5, 31, 0
2, 5, 32, 0
2, 5, 33, 0
2, 5, 34, 0
2, 5, 35, 0
2, 5, 36, 0
2, 5, 37, 0
2, 5, 38, 0
2, 5, 39, 0
2, 5, 40, 0
2, 5, 41, 0
2, 5, 42, 0
2, 5, 43, 0
2, 5, 44, 0
2, 5, 45, 0
2, 5, 46, 0
2, 5, 47, 0
2, 5, 48, 0
2, 5, 49, 0
2, 5, 50, 0
2, 5, 51, 0
2, 5, 52, 0
2, 5, 53, 0
2, 5, 54, 0
2, 5, 55, 0
2, 5, 56, 0
2, 5, 57, 0
2, 5, 58, 0
2, 5, 59, 0
2, 5, 60, 0
2, 5, 61, 0
2, 5, 62, 0
2, 5, 63, 0
2, 5, 64, 0
2, 5, 65, 0
2, 5, 66, 0
2, 5, 67, 0
2, 5, 68, 0
2, 5, 69, 0
2, 5, 70, 0
2, 5, 71, 0
2, 5, 72, 0
2, 5, 73, 0
2, 5, 74, 0
2, 5, 75, 0
2, 5, 76, 0
2, 5, 77, 0
2, 5, 78, 0
2, 5, 79, 0
2, 5, 80, 0
2, 5, 81, 0
2, 5, 82, 0
2, 5, 83, 0
2, 5, 84, 0
2, 5, 85, 0
2, 5, 86, 0
2, 5, 87, 0
2, 5, 88, 1
2, 5, 89, 1
2, 5, 90, 1
2, 5, 91, 1
2, 5, 92, 1
2, 5, 93, 1
2, 5, 94, 1
2, 5, 95, 1
2, 5, 96, 1
2, 5, 97, 1
2, 5, 98, 1
2, 5, 99, 1
2, 6, 0, 1
2, 6, 1, 0
2, 6, 2, 0
2, 6, 3, 0
2, 6, 4, 0
2, 6, 5, 0
2, 6, 6, 0
2, 6, 7, 0
2, 6, 8, 0
2, 6, 9, 0
2, 6, 10, 0
2, 6, 11, 0
2, 6, 12, 0
2, 6, 13, 0
2, 6, 14, 0
2, 6, 15, 0
2, 6, 16, 0
2, 6, 17, 0
2, 6, 18, 0
2, 6, 19, 0
2, 6, 20, 0
2, 6, 21, 0
2, 6, 22, 0
2, 6, 23, 0
2, 6, 24, 0
2, 6, 25, 0
2, 6, 26, 0
2, 6, 27, 0
2, 6, 28, 0
2, 6, 29, 0
2, 6, 30, 0
2, 6, 31, 0
2, 6, 32, 0
2, 6, 33, 0
2, 6, 34, 0
2, 6, 35, 0
2, 6, 36, 0
2, 6, 37, 0
2, 6, 38, 0
2, 6, 39, 0
2, 6, 40, 0
2, 6, 41, 0
2, 6, 42, 0
2, 6, 43, 0
2, 6, 44, 0
2, 6, 45, 0
2, 6, 46, 0
2, 6, 47, 0
2, 6, 48, 0
2, 6, 49, 0
2, 6, 50, 0
2, 6, 51, 0
2, 6, 52, 0
2, 6, 53, 0
2, 6, 54, 0
2, 6, 55, 0
2, 6, 56, 0
2, 6, 57, 0
2, 6, 58, 0
2, 6, 59, 0
2, 6, 60, 0
2, 6, 61, 0
2, 6, 62, 0
2, 6, 63, 0
2, 6, 64, 0
2, 6, 65, 0
2, 6, 66, 0
2, 6, 67, 0
2, 6, 68, 0
2, 6, 69, 0
2, 6, 70, 0
2, 6, 71, 0
2, 6, 72, 0
2, 6, 73, 0
2, 6, 74, 0
2, 6, 75, 0
2, 6, 76, 0
2, 6, 77, 0
2, 6, 78, 0
2, 6, 79, 0
2, 6, 80, 0
2, 6, 81, 0
2, 6, 82, 0
2, 6, 83, 0
2, 6, 84, 0
2, 6, 85, 0
2, 6, 86, 0
2, 6, 87, 0
2, 6, 88, 1
2, 6, 89, 1
2, 6, 90, 1
2, 6, 91, 1
2, 6, 92, 1
2, 6, 93, 1
2, 6, 94, 1
2, 6, 95, 1
2, 6, 96, 1
2, 6, 97, 1
2, 6, 98, 1
2, 6, 99, 0
2, 7, 0, 0
2, 7, 1, 0
2, 7, 2, 0
2, 7, 3, 0
2, 7, 4, 0
2, 7, 5, 0
2, 7, 6, 0
2, 7, 7, 0
2, 7, 8, 0
2, 7, 9, 0
2, 7, 10, 0
2, 7, 11, 0
2, 7, 12, 0
2, 7, 13, 0
2, 7, 14, 0
2, 7, 15, 0
2, 7, 16, 0
2, 7, 17, 0
2, 7, 18, 0
2, 7, 19, 0
2, 7, 20, 0
2, 7, 21, 0
2, 7, 22, 0
2, 7, 23, 0
2, 7, 24, 0
2, 7, 25, 0
2, 7, 26, 0
2, 7, 27, 0
2, 7, 28, 0
2, 7, 29, 0
2, 7, 30, 0
2, 7, 31, 0
2, 7, 32, 0
2, 7, 33, 0
2, 7, 34, 0
2, 7, 35, 0
2, 7, 36, 0
2, 7, 37, 0
2, 7, 38, 0
2, 7, 39, 0
2, 7, 40, 0
2, 7, 41, 0
2, 7, 42, 0
2, 7, 43, 0
2, 7, 44, 0
2, 7, 45, 0
2, 7, 46, 0
2, 7, 47, 0
2, 7, 48, 0
2, 7, 49, 0
2, 7, 50, 0
2, 7, 51, 0
2, 7, 52, 0
2, 7, 53, 0
2, 7, 54, 0
2, 7, 55, 0
2, 7, 56, 0
2, 7, 57, 0
2, 7, 58, 0
2, 7, 59, 0
2, 7, 60, 0
2, 7, 61, 0
2, 7, 62, 0
2, 7, 63, 0
2, 7, 64, 0
2, 7, 65, 0
2, 7, 66, 0
2, 7, 67, 0
2, 7, 68, 0
2, 7, 69, 0
2, 7, 70, 0
2, 7, 71, 0
2, 7, 72, 0
2, 7, 73, 0
2, 7, 74, 0
2, 7, 75, 0
2, 7, 76, 0
2, 7, 77, 0
2, 7, 78, 0
2, 7, 79, 0
2, 7, 80, 0
2, 7, 81, 0
2, 7, 82, 0
2, 7, 83, 0
2, 7, 84, 0
2, 7, 85, 0
2, 7, 86, 0
2, 7, 87, 0
2, 7, 88, 1
2, 7, 89, 1
2, 7, 90, 1
2, 7, 91, 1
2, 7, 92, 1
2, 7, 93, 1
2, 7, 94, 1
2, 7, 95, 1
2, 7, 96, 1
2, 7, 97, 1
2, 7, 98, 1
2, 7, 99, 1
2, 8, 0, 0
2, 8, 1, 0
2, 8, 2, 0
2, 8, 3, 0
2, 8, 4, 0
2, 8, 5, 0
2, 8, 6, 0
2, 8, 7, 0
2, 8, 8, 0
2, 8, 9, 0
2, 8, 10, 0
2, 8, 11, 0
2, 8, 12, 0
2, 8, 13, 0
2, 8, 14, 0
2, 8, 15, 0
2, 8, 16, 0
2, 8, 17, 0
2, 8, 18, 0
2, 8, 19, 0
2, 8, 20, 0
2, 8, 21, 0
2, 8, 22, 0
2, 8, 23, 0
2, 8, 24, 0
2, 8, 25, 0
2, 8, 26, 0
2, 8, 27, 0
2, 8, 28, 0
2, 8, 29, 0
2, 8, 30, 0
2, 8, 31, 0
2, 8, 32, 0
2, 8, 33, 0
2, 8, 34, 0
2, 8, 35, 0
2, 8, 36, 0
2, 8, 37, 0
2, 8, 38, 0
2, 8, 39, 0
2, 8, 40, 0
2, 8, 41, 0
2, 8, 42, 0
2, 8, 43, 0
2, 8, 44, 0
2, 8, 45, 0
2, 8, 46, 0
2, 8, 47, 0
2, 8, 48, 0
2, 8, 49, 0
2, 8, 50, 0
2, 8, 51, 0
2, 8, 52, 1
2, 8, 53, 1
2, 8, 54, 1
2, 8, 55, 1
2, 8, 56, 1
2, 8, 57, 1
2, 8, 58, 1
2, 8, 59, 1
2, 8, 60, 1
2, 8, 61, 1
2, 8, 62, 1
2, 8, 63, 1
2, 8, 64, 1
2, 8, 65, 1
2, 8, 66, 1
2, 8, 67, 1
2, 8, 68, 1
2, 8, 69, 1
2, 8, 70, 1
2, 8, 71, 1
2, 8, 72, 1
2, 8, 73, 1
2, 8, 74, 1
2, 8, 75, 1
2, 8, 76, 1
2, 8, 77, 1
2, 8, 78, 1
2, 8, 79, 1
2, 8, 80, 1
2, 8, 81, 1
2, 8, 82, 1
2, 8, 83, 1
2, 8, 84, 1
2, 8, 85, 1
2, 8, 86, 1
2, 8, 87, 1
2, 8, 88, 1
2, 8, 89, 1
2, 8, 90, 1
2, 8, 91, 1
2, 8, 92, 1
2, 8, 93, 1
2, 8, 94, 1
2, 8, 95, 1
2, 8, 96, 1
2, 8, 97, 1
2, 8, 98, 0
2, 8, 99, 0
2, 9, 0, 0
2, 9, 1, 1
2, 9, 2, 1
2, 9, 3, 1
2, 9, 4, 1
2, 9, 5, 1
2, 9, 6, 1
2, 9, 7, 1
2, 9, 8, 1
2, 9, 9, 1
2, 9, 10, 1
2, 9, 11, 1
2, 9, 12, 1
2, 9, 13, 1
2, 9, 14, 1
2, 9, 15, 1
2, 9, 16, 1
2, 9, 17, 1
2, 9, 18, 1
2, 9, 19, 1
2, 9, 20, 1
2, 9, 21, 1
2, 9, 22, 1
2, 9, 23, 1
2, 9, 24, 1
2, 9, 25, 1
2, 9, 26, 1
2, 9, 27, 1
2, 9, 28, 1
2, 9, 29, 1
2, 9, 30, 1
2, 9, 31, 1
2, 9, 32, 1
2, 9, 33, 1
2, 9, 34, 1
2, 9, 35, 1
2, 9, 36, 1
2, 9, 37, 1
2, 9, 38, 1
2, 9, 39, 1
2, 9, 40, 1
2, 9, 41, 1
2, 9, 42, 1
2, 9, 43, 1
2, 9, 44, 1
2, 9, 45, 1
2, 9, 46, 1
2, 9, 47, 1
2, 9, 48, 1
2, 9, 49, 1
2, 9, 50, 1
2, 9, 51, 1
2, 9, 52, 1
2, 9, 53, 1
2, 9, 54, 1
2, 9, 55, 1
2, 9, 56, 1
2, 9, 57, 1
2, 9, 58, 1
2, 9, 59, 1
2, 9, 60, 1
2, 9, 61, 1
2, 9, 62, 1
2, 9, 63, 1
2, 9, 64, 1
2, 9, 65, 0
2, 9, 66, 0
2, 9, 67, 0
2, 9, 68, 0
2, 9, 69, 0
2, 9, 70, 0
2, 9, 71, 0
2, 9, 72, 0
2, 9, 73, 0
2, 9, 74, 0
2, 9, 75, 0
2, 9, 76, 0
2, 9, 77, 0
2, 9, 78, 0
2, 9, 79, 0
2, 9, 80, 0
2, 9, 81, 0
2, 9, 82, 0
2, 9, 83, 0
2, 9, 84, 0
2, 9, 85, 0
2, 9, 86, 0
2, 9, 87, 0
2, 9, 88, 0
2, 9, 89, 0
2, 9, 90, 0
2, 9, 91, 0
2, 9, 92, 0
2, 9, 93, 0
2, 9, 94, 0
2, 9, 95, 0
2, 9, 96, 0
2, 9, 97, 0
2, 9, 98, 0
2, 9, 99, 0
3, 0, 0, 0
3, 0, 1, 0
3, 0, 2, 0
3, 0, 3, 0
3, 0, 4, 0
3, 0, 5, 0
3, 0, 6, 0
3, 0, 7, 0
3, 0, 8, 0
3, 0, 9, 0
3, 0, 10, 0
3, 0, 11, 0
3, 0, 12, 0
3, 0, 13, 0
3, 0, 14, 0
3, 0, 15, 0
3, 0, 16, 0
3, 0, 17, 0
3, 0, 18, 0
3, 0, 19, 0
3, 0, 20, 0
3, 0, 21, 0
3, 0, 22, 0
3, 0, 23, 0
3, 0, 24, 0
3, 0, 25, 0
3, 0, 26, 0
3, 0, 27, 0
3, 0, 28, 0
3, 0, 29, 0
3, 0, 30, 0
3, 0, 31, 0
3, 0, 32, 0
3, 0, 33, 0
3, 0, 34, 0
3, 0, 35, 0
3, 0, 36, 0
3, 0, 37, 0
3, 0, 38, 0
3, 0, 39, 0
3, 0, 40, 0
3, 0, 41, 0
3, 0, 42, 0
3, 0, 43, 0
3, 0, 44, 0
3, 0, 45, 0
3, 0, 46, 0
3, 0, 47, 0
3, 0, 48, 0
3, 0, 49, 0
3, 0, 50, 0
3, 0, 51, 0
3, 0, 52, 0
3, 0, 53, 0
3, 0, 54, 0
3, 0, 55, 0
3, 0, 56, 0
3, 0, 57, 0
3, 0, 58, 0
3, 0, 59, 0
3, 0, 60, 0
3, 0, 61, 0
3, 0, 62, 0
3, 0, 63, 0
3, 0, 64, 0
3, 0, 65, 0
3, 0, 66, 0
3, 0, 67, 0
3, 0, 68, 0
3, 0, 69, 0
3, 0, 70, 0
3, 0, 71, 0
3, 0, 72, 0
3, 0, 73, 0
3, 0, 74, 0
3, 0, 75, 0
3, 0, 76, 0
3, 0, 77, 0
3, 0, 78, 0
3, 0, 79, 0
3, 0, 80, 0
3, 0, 81, 0
3, 0, 82, 0
3, 0, 83, 0
3, 0, 84, 0
3, 0, 85, 0
3, 0, 86, 0
3, 0, 87, 0
3, 0, 88, 0
3, 0, 89, 0
3, 0, 90, 0
3, 0, 91, 0
3, 0, 92, 0
3, 0, 93, 0
3, 0, 94, 0
3, 0, 95, 0
3, 0, 96, 0
3, 0, 97, 0
3, 0, 98, 0
3, 0, 99, 0
3, 1, 0, 0
3, 1, 1, 0
3, 1, 2, 0
3, 1, 3, 0
3, 1, 4, 0
3, 1, 5, 0
3, 1, 6, 0
3, 1, 7, 0
3, 1, 8, 0
3, 1, 9, 0
3, 1, 10, 0
3, 1, 11, 0
3, 1, 12, 0
3, 1, 13, 0
3, 1, 14, 0
3, 1, 15, 0
3, 1, 16, 0
3, 1, 17, 0
3, 1, 18, 0
3, 1, 19, 0
3, 1, 20, 0
3, 1, 21, 0
3, 1, 22, 0
3, 1, 23, 0
3, 1, 24, 0
3, 1, 25, 0
3, 1, 26, 0
3, 1, 27, 0
3, 1, 28, 0
3, 1, 29, 0
3, 1, 30, 0
3, 1, 31, 0
3, 1, 32, 0
3, 1, 33, 0
3, 1, 34, 0
3, 1, 35, 0
3, 1, 36, 0
3, 1, 37, 0
3, 1, 38, 0
3, 1, 39, 0
3, 1, 40, 0
3, 1, 41, 0
3, 1, 42, 0
3, 1, 43, 0
3, 1, 44, 0
3, 1, 45, 0
3, 1, 46, 0
3, 1, 47, 0
3, 1, 48, 0
3, 1, 49, 0
3, 1, 50, 0
3, 1, 51, 0
3, 1, 52, 0
3, 1, 53, 0
3, 1, 54, 0
3, 1, 55, 0
3, 1, 56, 0
3, 1, 57, 0
3, 1, 58, 0
3, 1, 59, 0
3, 1, 60, 0
3, 1, 61, 0
3, 1, 62, 0
3, 1, 63, 0
3, 1, 64, 0
3, 1, 65, 0
3, 1, 66, 0
3, 1, 67, 0
3, 1, 68, 0
3, 1, 69, 0
3, 1, 70, 0
3, 1, 71, 0
3, 1, 72, 0
3, 1, 73, 0
3, 1, 74, 0
3, 1, 75, 0
3, 1, 76, 0
3, 1, 77, 0
3, 1, 78, 0
3, 1, 79, 0
3, 1, 80, 0
3, 1, 81, 0
3, 1, 82, 0
3, 1, 83, 0
3, 1, 84, 0
3, 1, 85, 0
3, 1, 86, 0
3, 1, 87, 0
3, 1, 88, 0
3, 1, 89, 0
3, 1, 90, 0
3, 1, 91, 0
3, 1, 92, 0
3, 1, 93, 0
3, 1, 94, 0
3, 1, 95, 0
3, 1, 96, 0
3, 1, 97, 0
3, 1, 98, 0
3, 1, 99, 0
3, 2, 0, 0
3, 2, 1, 0
3, 2, 2, 0
3, 2, 3, 0
3, 2, 4, 0
3, 2, 5, 0
3, 2, 6, 0
3, 2, 7, 0
3, 2, 8, 0
3, 2, 9, 0
3, 2, 10, 0
3, 2, 11, 0
3, 2, 12, 0
3, 2, 13, 0
3, 2, 14, 0
3, 2, 15, 0
3, 2, 16, 0
3, 2, 17, 0
3, 2, 18, 0
3, 2, 19, 0
3, 2, 20, 0
3, 2, 21, 0
3, 2, 22, 0
3, 2, 23, 0
3, 2, 24, 0
3, 2, 25, 0
3, 2, 26, 0
3, 2, 27, 0
3, 2, 28, 0
3, 2, 29, 0
3, 2, 30, 0
3, 2, 31, 0
3, 2, 32, 0
3, 2, 33, 0
3, 2, 34, 0
3, 2, 35, 0
3, 2, 36, 0
3, 2, 37, 0
3, 2, 38, 0
3, 2, 39, 0
3, 2, 40, 0
3, 2, 41, 0
3, 2, 42, 0
3, 2, 43, 0
3, 2, 44, 0
3, 2, 45, 0
3, 2, 46, 0
3, 2, 47, 0
3, 2, 48, 0
3, 2, 49, 0
3, 2, 50, 0
3, 2, 51, 0
3, 2, 52, 0
3, 2, 53, 0
3, 2, 54, 0
3, 2, 55, 0
3, 2, 56, 0
3, 2, 57, 0
3, 2, 58, 0
3, 2, 59, 0
3, 2, 60, 0
3, 2, 61, 0
3, 2, 62, 0
3, 2, 63, 0
3, 2, 64, 0
3, 2, 65, 0
3, 2, 66, 0
3, 2, 67, 0
3, 2, 68, 0
3, 2, 69, 0
3, 2, 70, 0
3, 2, 71, 0
3, 2, 72, 0
3, 2, 73, 0
3, 2, 74, 0
3, 2, 75, 0
3, 2, 76, 0
3, 2, 77, 0
3, 2, 78, 0
3, 2, 79, 0
3, 2, 80, 0
3, 2, 81, 0
3, 2, 82, 0
3, 2, 83, 0
3, 2, 84, 0
3, 2, 85, 0
3, 2, 86, 0
3, 2, 87, 0
3, 2, 88, 0
3, 2, 89, 0
3, 2, 90, 0
3, 2, 91, 0
3, 2, 92, 0
3, 2, 93, 0
3, 2, 94, 0
3, 2, 95, 0
3, 2, 96, 0
3, 2, 97, 0
3, 2, 98, 0
3, 2, 99, 0
3, 3, 0, 0
3, 3, 1, 0
3, 3, 2, 0
3, 3, 3, 0
3, 3, 4, 0
3, 3, 5, 0
3, 3, 6, 0
3, 3, 7, 0
3, 3, 8, 0
3, 3, 9, 0
3, 3, 10, 0
3, 3, 11, 0
3, 3, 12, 0
3, 3, 13, 0
3, 3, 14, 0
3, 3, 15, 0
3, 3, 16, 0
3, 3, 17, 0
3, 3, 18, 0
3, 3, 19, 0
3, 3, 20, 0
3, 3, 21, 0
3, 3, 22, 0
3, 3, 23, 0
3, 3, 24, 0
3, 3, 25, 0
3, 3, 26, 0
3, 3, 27, 0
3, 3, 28, 0
3, 3, 29, 0
3, 3, 30, 0
3, 3, 31, 0
3, 3, 32, 0
3, 3, 33, 0
3, 3, 34, 0
3, 3, 35, 0
3, 3, 36, 0
3, 3, 37, 0
3, 3, 38, 0
3, 3, 39, 0
3, 3, 40, 0
3, 3, 41, 0
3, 3, 42, 0
3, 3, 43, 0
3, 3, 44, 0
3, 3, 45, 0
3, 3, 46, 0
3, 3, 47, 0
3, 3, 48, 0
3, 3, 49, 0
3, 3, 50, 0
3, 3, 51, 0
3, 3, 52, 0
3, 3, 53, 0
3, 3, 54, 0
3, 3, 55, 0
3, 3, 56, 0
3, 3, 57, 0
3, 3, 58, 0
3, 3, 59, 0
3, 3, 60, 0
3, 3, 61, 0
3, 3, 62, 0
3, 3, 63, 0
3, 3, 64, 0
3, 3, 65, 0
3, 3, 66, 0
3, 3, 67, 0
3, 3, 68, 0
3, 3, 69, 0
3, 3, 70, 0
3, 3, 71, 0
3, 3, 72, 0
3, 3, 73, 0
3, 3, 74, 0
3, 3, 75, 0
3, 3, 76, 0
3, 3, 77, 0
3, 3, 78, 0
3, 3, 79, 0
3, 3, 80, 0
3, 3, 81, 0
3, 3, 82, 0
3, 3, 83, 0
3, 3, 84, 0
3, 3, 85, 0
3, 3, 86, 0
3, 3, 87, 0
3, 3, 88, 0
3, 3, 89, 0
3, 3, 90, 0
3, 3, 91, 0
3, 3, 92, 0
3, 3, 93, 0
3, 3, 94, 0
3, 3, 95, 0
3, 3, 96, 0
3, 3, 97, 0
3, 3, 98, 0
3, 3, 99, 0
3, 4, 0, 0
3, 4, 1, 0
3, 4, 2, 0
3, 4, 3, 0
3, 4, 4, 0
3, 4, 5, 0
3, 4, 6, 0
3, 4, 7, 0
3, 4, 8, 0
3, 4, 9, 0
3, 4, 10, 0
3, 4, 11, 0
3, 4, 12, 0
3, 4, 13, 0
3, 4, 14, 0
3, 4, 15, 0
3, 4, 16, 0
3, 4, 17, 0
3, 4, 18, 0
3, 4, 19, 0
3, 4, 20, 0
3, 4, 21, 0
3, 4, 22, 0
3, 4, 23, 0
3, 4, 24, 0
3, 4, 25, 0
3, 4, 26, 0
3, 4, 27, 0
3, 4, 28, 0
3, 4, 29, 0
3, 4, 30, 0
3, 4, 31, 0
3, 4, 32, 0
3, 4, 33, 0
3, 4, 34, 0
3, 4, 35, 0
3, 4, 36, 0
3, 4, 37, 0
3, 4, 38, 0
3, 4, 39, 0
3, 4, 40, 0
3, 4, 41, 0
3, 4, 42, 0
3, 4, 43, 0
3, 4, 44, 0
3, 4, 45, 0
3, 4, 46, 0
3, 4, 47, 0
3, 4, 48, 0
3, 4, 49, 0
3, 4, 50, 0
3, 4, 51, 0
3, 4, 52, 0
3, 4, 53, 0
3, 4, 54, 0
3, 4, 55, 0
3, 4, 56, 0
3, 4, 57, 0
3, 4, 58, 0
3, 4, 59, 0
3, 4, 60, 0
3, 4, 61, 0
3, 4, 62, 0
3, 4, 63, 0
3, 4, 64, 0
3, 4, 65, 0
3, 4, 66, 0
3, 4, 67, 0
3, 4, 68, 0
3, 4, 69, 0
3, 4, 70, 0
3, 4, 71, 0
3, 4, 72, 0
3, 4, 73, 0
3, 4, 74, 0
3, 4, 75, 0
3, 4, 76, 0
3, 4, 77, 0
3, 4, 78, 0
3, 4, 79, 0
3, 4, 80, 0
3, 4, 81, 0
3, 4, 82, 0
3, 4, 83, 0
3, 4, 84, 0
3, 4, 85, 0
3, 4, 86, 0
3, 4, 87, 0
3, 4, 88, 0
3, 4, 89, 0
3, 4, 90, 0
3, 4, 91, 0
3, 4, 92, 0
3, 4, 93, 0
3, 4, 94, 0
3, 4, 95, 0
3, 4, 96, 0
3, 4, 97, 0
3, 4, 98, 0
3, 4, 99, 0
3, 5, 0, 0
3, 5, 1, 0
3, 5, 2, 0
3, 5, 3, 0
3, 5, 4, 0
3, 5, 5, 0
3, 5, 6, 0
3, 5, 7, 0
3, 5, 8, 0
3, 5, 9, 0
3, 5, 10, 0
3, 5, 11, 0
3, 5, 12, 0
3, 5, 13, 0
3, 5, 14, 0
3, 5, 15, 0
3, 5, 16, 0
3, 5, 17, 0
3, 5, 18, 0
3, 5, 19, 0
3, 5, 20, 0
3, 5, 21, 0
3, 5, 22, 0
3, 5, 23, 0
3, 5, 24, 0
3, 5, 25, 0
3, 5, 26, 0
3, 5, 27, 0
3, 5, 28, 0
3, 5, 29, 0
3, 5, 30, 0
3, 5, 31, 0
3, 5, 32, 0
3, 5, 33, 0
3, 5, 34, 0
3, 5, 35, 0
3, 5, 36, 0
3, 5, 37, 0
3, 5, 38, 0
3, 5, 39, 0
3, 5, 40, 0
3, 5, 41, 0
3, 5, 42, 0
3, 5, 43, 0
3, 5, 44, 0
3, 5, 45, 0
3, 5, 46, 0
3, 5, 47, 0
3, 5, 48, 0
3, 5, 49, 0
3, 5, 50, 0
3, 5, 51, 0
3, 5, 52, 0
3, 5, 53, 0
3, 5, 54, 0
3, 5, 55, 0
3, 5, 56, 0
3, 5, 57, 0
3, 5, 58, 0
3, 5, 59, 0
3, 5, 60, 0
3, 5, 61, 0
3, 5, 62, 0
3, 5, 63, 0
3, 5, 64, 0
3, 5, 65, 0
3, 5, 66, 0
3, 5, 67, 0
3, 5, 68, 0
3, 5, 69, 0
3, 5, 70, 0
3, 5, 71, 0
3, 5, 72, 0
3, 5, 73, 0
3, 5, 74, 0
3, 5, 75, 0
3, 5, 76, 0
3, 5, 77, 0
3, 5, 78, 0
3, 5, 79, 0
3, 5, 80, 0
3, 5, 81, 0
3, 5, 82, 0
3, 5, 83, 0
3, 5, 84, 0
3, 5, 85, 0
3, 5, 86, 0
3, 5, 87, 0
3, 5, 88, 0
3, 5, 89, 0
3, 5, 90, 0
3, 5, 91, 0
3, 5, 92, 0
3, 5, 93, 0
3, 5, 94, 0
3, 5, 95, 0
3, 5, 96, 0
3, 5, 97, 0
3, 5, 98, 0
3, 5, 99, 0
3, 6, 0, 0
3, 6, 1, 0
3, 6, 2, 0
3, 6, 3, 0
3, 6, 4, 0
3, 6, 5, 0
3, 6, 6, 0
3, 6, 7, 0
3, 6, 8, 0
3, 6, 9, 0
3, 6, 10, 0
3, 6, 11, 0
3, 6, 12, 0
3, 6, 13, 0
3, 6, 14, 0
3, 6, 15, 0
3, 6, 16, 0
3, 6, 17, 0
3, 6, 18, 0
3, 6, 19, 0
3, 6, 20, 0
3, 6, 21, 0
3, 6, 22, 0
3, 6, 23, 0
3, 6, 24, 0
3, 6, 25, 0
3, 6, 26, 0
3, 6, 27, 0
3, 6, 28, 0
3, 6, 29, 0
3, 6, 30, 0
3, 6, 31, 0
3, 6, 32, 0
3, 6, 33, 0
3, 6, 34, 0
3, 6, 35, 0
3, 6, 36, 0
3, 6, 37, 0
3, 6, 38, 0
3, 6, 39, 0
3, 6, 40, 0
3, 6, 41, 0
3, 6, 42, 0
3, 6, 43, 0
3, 6, 44, 0
3, 6, 45, 0
3, 6, 46, 0
3, 6, 47, 0
3, 6, 48, 0
3, 6, 49, 0
3, 6, 50, 0
3, 6, 51, 0
3, 6, 52, 0
3, 6, 53, 0
3, 6, 54, 0
3, 6, 55, 0
3, 6, 56, 0
3, 6, 57, 0
3, 6, 58, 0
3, 6, 59, 0
3, 6, 60, 0
3, 6, 61, 0
3, 6, 62, 0
3, 6, 63, 0
3, 6, 64, 0
3, 6, 65, 0
3, 6, 66, 0
3, 6, 67, 0
3, 6, 68, 0
3, 6, 69, 0
3, 6, 70, 0
3, 6, 71, 0
3, 6, 72, 0
3, 6, 73, 0
3, 6, 74, 0
3, 6, 75, 0
3, 6, 76, 0
3, 6, 77, 0
3, 6, 78, 0
3, 6, 79, 0
3, 6, 80, 0
3, 6, 81, 0
3, 6, 82, 0
3, 6, 83, 0
3, 6, 84, 0
3, 6, 85, 0
3, 6, 86, 0
3, 6, 87, 0
3, 6, 88, 0
3, 6, 89, 0
3, 6, 90, 0
3, 6, 91, 0
3, 6, 92, 0
3, 6, 93, 0
3, 6, 94, 0
3, 6, 95, 0
3, 6, 96, 0
3, 6, 97, 0
3, 6, 98, 0
3, 6, 99, 0
3, 7, 0, 0
3, 7, 1, 0
3, 7, 2, 0
3, 7, 3, 0
3, 7, 4, 0
3, 7, 5, 0
3, 7, 6, 0
3, 7, 7, 0
3, 7, 8, 0
3, 7, 9, 0
3, 7, 10, 0
3, 7, 11, 0
3, 7, 12, 0
3, 7, 13, 0
3, 7, 14, 0
3, 7, 15, 0
3, 7, 16, 0
3, 7, 17, 0
3, 7, 18, 0
3, 7, 19, 0
3, 7, 20, 0
3, 7, 21, 0
3, 7, 22, 0
3, 7, 23, 0
3, 7, 24, 0
3, 7, 25, 0
3, 7, 26, 0
3, 7, 27, 0
3, 7, 28, 0
3, 7, 29, 0
3, 7, 30, 0
3, 7, 31, 0
3, 7, 32, 0
3, 7, 33, 0
3, 7, 34, 0
3, 7, 35, 0
3, 7, 36, 0
3, 7, 37, 0
3, 7, 38, 0
3, 7, 39, 0
3, 7, 40, 0
3, 7, 41, 0
3, 7, 42, 0
3, 7, 43, 0
3, 7, 44, 0
3, 7, 45, 0
3, 7, 46, 0
3, 7, 47, 0
3, 7, 48, 0
3, 7, 49, 0
3, 7, 50, 0
3, 7, 51, 0
3, 7, 52, 0
3, 7, 53, 0
3, 7, 54, 0
3, 7, 55, 0
3, 7, 56, 0
3, 7, 57, 0
3, 7, 58, 0
3, 7, 59, 0
3, 7, 60, 0
3, 7, 61, 0
3, 7, 62, 0
3, 7, 63, 0
3, 7, 64, 0
3, 7, 65, 0
3, 7, 66, 0
3, 7, 67, 0
3, 7, 68, 0
3, 7, 69, 0
3, 7, 70, 0
3, 7, 71, 0
3, 7, 72, 0
3, 7, 73, 0
3, 7, 74, 0
3, 7, 75, 0
3, 7, 76, 0
3, 7, 77, 0
3, 7, 78, 0
3, 7, 79, 0
3, 7, 80, 0
3, 7, 81, 0
3, 7, 82, 0
3, 7, 83, 0
3, 7, 84, 0
3, 7, 85, 0
3, 7, 86, 0
3, 7, 87, 0
3, 7, 88, 0
3, 7, 89, 0
3, 7, 90, 0
3, 7, 91, 0
3, 7, 92, 0
3, 7, 93, 0
3, 7, 94, 0
3, 7, 95, 0
3, 7, 96, 0
3, 7, 97, 0
3, 7, 98, 0
3, 7, 99, 0
3, 8, 0, 0
3, 8, 1, 0
3, 8, 2, 0
3, 8, 3, 0
3, 8, 4, 0
3, 8, 5, 0
3, 8, 6, 0
3, 8, 7, 0
3, 8, 8, 0
3, 8, 9, 0
3, 8, 10, 0
3, 8, 11, 0
3, 8, 12, 0
3, 8, 13, 0
3, 8, 14, 0
3, 8, 15, 0
3, 8, 16, 0
3, 8, 17, 0
3, 8, 18, 0
3, 8, 19, 0
3, 8, 20, 0
3, 8, 21, 0
3, 8, 22, 0
3, 8, 23, 0
3, 8, 24, 0
3, 8, 25, 0
3, 8, 26, 0
3, 8, 27, 0
3, 8, 28, 0
3, 8, 29, 0
3, 8, 30, 0
3, 8, 31, 0
3, 8, 32, 0
3, 8, 33, 0
3, 8, 34, 0
3, 8, 35, 0
3, 8, 36, 0
3, 8, 37, 0
3, 8, 38, 0
3, 8, 39, 0
3, 8, 40, 0
3, 8, 41, 0
3, 8, 42, 0
3, 8, 43, 0
3, 8, 44, 0
3, 8, 45, 0
3, 8, 46, 0
3, 8, 47, 0
3, 8, 48, 0
3, 8, 49, 0
3, 8, 50, 0
3, 8, 51, 0
3, 8, 52, 0
3, 8, 53, 0
3, 8, 54, 0
3, 8, 55, 0
3, 8, 56, 0
3, 8, 57, 0
3, 8, 58, 0
3, 8, 59, 0
3, 8, 60, 0
3, 8, 61, 0
3, 8, 62, 0
3, 8, 63, 0
3, 8, 64, 0
3, 8, 65, 0
3, 8, 66, 0
3, 8, 67, 0
3, 8, 68, 0
3, 8, 69, 0
3, 8, 70, 0
3, 8, 71, 0
3, 8, 72, 0
3, 8, 73, 0
3, 8, 74, 0
3, 8, 75, 0
3, 8, 76, 0
3, 8, 77, 0
3, 8, 78, 0
3, 8, 79, 0
3, 8, 80, 0
3, 8, 81, 0
3, 8, 82, 0
3, 8, 83, 0
3, 8, 84, 0
3, 8, 85, 0
3, 8, 86, 0
3, 8, 87, 0
3, 8, 88, 0
3, 8, 89, 0
3, 8, 90, 0
3, 8, 91, 0
3, 8, 92, 0
3, 8, 93, 0
3, 8, 94, 0
3, 8, 95, 0
3, 8, 96, 0
3, 8, 97, 0
3, 8, 98, 0
3, 8, 99, 0
3, 9, 0, 0
3, 9, 1, 0
3, 9, 2, 0
3, 9, 3, 0
3, 9, 4, 0
3, 9, 5, 0
3, 9, 6, 0
3, 9, 7, 0
3, 9, 8, 0
3, 9, 9, 0
3, 9, 10, 0
3, 9, 11, 0
3, 9, 12, 0
3, 9, 13, 0
3, 9, 14, 0
3, 9, 15, 0
3, 9, 16, 0
3, 9, 17, 0
3, 9, 18, 0
3, 9, 19, 0
3, 9, 20, 0
3, 9, 21, 0
3, 9, 22, 0
3, 9, 23, 0
3, 9, 24, 0
3, 9, 25, 0
3, 9, 26, 0
3, 9, 27, 0
3, 9, 28, 0
3, 9, 29, 0
3, 9, 30, 0
3, 9, 31, 0
3, 9, 32, 0
3, 9, 33, 0
3, 9, 34, 0
3, 9, 35, 0
3, 9, 36, 0
3, 9, 37, 0
3, 9, 38, 0
3, 9, 39, 0
3, 9, 40, 0
3, 9, 41, 0
3, 9, 42, 0
3, 9, 43, 0
3, 9, 44, 0
3, 9, 45, 0
3, 9, 46, 0
3, 9, 47, 0
3, 9, 48, 0
3, 9, 49, 0
3, 9, 50, 0
3, 9, 51, 0
3, 9, 52, 0
3, 9, 53, 0
3, 9, 54, 0
3, 9, 55, 0
3, 9, 56, 0
3, 9, 57, 0
3, 9, 58, 0
3, 9, 59, 0
3, 9, 60, 0
3, 9, 61, 0
3, 9, 62, 0
3, 9, 63, 0
3, 9, 64, 0
3, 9, 65, 0
3, 9, 66, 0
3, 9, 67, 0
3, 9, 68, 0
3, 9, 69, 0
3, 9, 70, 0
3, 9, 71, 0
3, 9, 72, 0
3, 9, 73, 0
3, 9, 74, 0
3, 9, 75, 0
3, 9, 76, 0
3, 9, 77, 0
3, 9, 78, 0
3, 9, 79, 0
3, 9, 80, 0
3, 9, 81, 0
3, 9, 82, 0
3, 9, 83, 0
3, 9, 84, 0
3, 9, 85, 0
3, 9, 86, 0
3, 9, 87, 0
3, 9, 88, 0
3, 9, 89, 0
3, 9, 90, 0
3, 9, 91, 0
3, 9, 92, 0
3, 9, 93, 0
3, 9, 94, 0
3, 9, 95, 0
3, 9, 96, 0
3, 9, 97, 0
3, 9, 98, 0
3, 9, 99, 0
4, 0, 0, 0
4, 0, 1, 0
4, 0, 2, 0
4, 0, 3, 0
4, 0, 4, 0
4, 0, 5, 0
4, 0, 6, 0
4, 0, 7, 0
4, 0, 8, 0
4, 0, 9, 0
4, 0, 10, 0
4, 0, 11, 0
4, 0, 12, 0
4, 0, 13, 0
4, 0, 14, 0
4, 0, 15, 0
4, 0, 16, 0
4, 0, 17, 0
4, 0, 18, 0
4, 0, 19, 0
4, 0, 20, 0
4, 0, 21, 0
4, 0, 22, 0
4, 0, 23, 0
4, 0, 24, 0
4, 0, 25, 0
4, 0, 26, 0
4, 0, 27, 0
4, 0, 28, 0
4, 0, 29, 0
4, 0, 30, 0
4, 0, 31, 0
4, 0, 32, 0
4, 0, 33, 0
4, 0, 34, 0
4, 0, 35, 0
4, 0, 36, 0
4, 0, 37, 0
4, 0, 38, 0
4, 0, 39, 0
4, 0, 40, 0
4, 0, 41, 0
4, 0, 42, 0
4, 0, 43, 0
4, 0, 44, 0
4, 0, 45, 0
4, 0, 46, 0
4, 0, 47, 0
4, 0, 48, 0
4, 0, 49, 0
4, 0, 50, 0
4, 0, 51, 0
4, 0, 52, 0
4, 0, 53, 0
4, 0, 54, 0
4, 0, 55, 0
4, 0, 56, 0
4, 0, 57, 0
4, 0, 58, 0
4, 0, 59, 0
4, 0, 60, 0
4, 0, 61, 0
4, 0, 62, 0
4, 0, 63, 0
4, 0, 64, 0
4, 0, 65, 0
4, 0, 66, 0
4, 0, 67, 0
4, 0, 68, 0
4, 0, 69, 0
4, 0, 70, 0
4, 0, 71, 0
4, 0, 72, 0
4, 0, 73, 0
4, 0, 74, 0
4, 0, 75, 0
4, 0, 76, 0
4, 0, 77, 0
4, 0, 78, 0
4, 0, 79, 0
4, 0, 80, 0
4, 0, 81, 0
4, 0, 82, 0
4, 0, 83, 0
4, 0, 84, 0
4, 0, 85, 0
4, 0, 86, 0
4, 0, 87, 0
4, 0, 88, 0
4, 0, 89, 0
4, 0, 90, 0
4, 0, 91, 0
4, 0, 92, 0
4, 0, 93, 0
4, 0, 94, 0
4, 0, 95, 0
4, 0, 96, 0
4, 0, 97, 0
4, 0, 98, 0
4, 0, 99, 0
4, 1, 0, 0
4, 1, 1, 0
4, 1, 2, 0
4, 1, 3, 0
4, 1, 4, 0
4, 1, 5, 0
4, 1, 6, 0
4, 1, 7, 0
4, 1, 8, 0
4, 1, 9, 0
4, 1, 10, 0
4, 1, 11, 0
4, 1, 12, 0
4, 1, 13, 0
4, 1, 14, 0
4, 1, 15, 0
4, 1, 16, 0
4, 1, 17, 0
4, 1, 18, 0
4, 1, 19, 0
4, 1, 20, 0
4, 1, 21, 0
4, 1, 22, 0
4, 1, 23, 0
4, 1, 24, 0
4, 1, 25, 0
4, 1, 26, 0
4, 1, 27, 0
4, 1, 28, 0
4, 1, 29, 0
4, 1, 30, 0
4, 1, 31, 0
4, 1, 32, 0
4, 1, 33, 0
4, 1, 34, 0
4, 1, 35, 0
4, 1, 36, 0
4, 1, 37, 0
4, 1, 38, 0
4, 1, 39, 0
4, 1, 40, 0
4, 1, 41, 0
4, 1, 42, 0
4, 1, 43, 0
4, 1, 44, 0
4, 1, 45, 0
4, 1, 46, 0
4, 1, 47, 0
4, 1, 48, 0
4, 1, 49, 0
4, 1, 50, 0
4, 1, 51, 0
4, 1, 52, 0
4, 1, 53, 0
4, 1, 54, 0
4, 1, 55, 0
4, 1, 56, 0
4, 1, 57, 0
4, 1, 58, 0
4, 1, 59, 0
4, 1, 60, 0
4, 1, 61, 0
4, 1, 62, 0
4, 1, 63, 0
4, 1, 64, 0
4, 1, 65, 0
4, 1, 66, 0
4, 1, 67, 0
4, 1, 68, 0
4, 1, 69, 0
4, 1, 70, 0
4, 1, 71, 0
4, 1, 72, 0
4, 1, 73, 0
4, 1, 74, 0
4, 1, 75, 0
4, 1, 76, 0
4, 1, 77, 0
4, 1, 78, 0
4, 1, 79, 0
4, 1, 80, 0
4, 1, 81, 0
4, 1, 82, 0
4, 1, 83, 0
4, 1, 84, 0
4, 1, 85, 0
4, 1, 86, 0
4, 1, 87, 0
4, 1, 88, 0
4, 1, 89, 0
4, 1, 90, 0
4, 1, 91, 0
4, 1, 92, 0
4, 1, 93, 0
4, 1, 94, 0
4, 1, 95, 0
4, 1, 96, 0
4, 1, 97, 0
4, 1, 98, 0
4, 1, 99, 0
4, 2, 0, 0
4, 2, 1, 0
4, 2, 2, 0
4, 2, 3, 0
4, 2, 4, 0
4, 2, 5, 0
4, 2, 6, 0
4, 2, 7, 0
4, 2, 8, 0
4, 2, 9, 0
4, 2, 10, 0
4, 2, 11, 0
4, 2, 12, 0
4, 2, 13, 0
4, 2, 14, 0
4, 2, 15, 0
4, 2, 16, 0
4, 2, 17, 0
4, 2, 18, 0
4, 2, 19, 0
4, 2, 20, 0
4, 2, 21, 0
4, 2, 22, 0
4, 2, 23, 0
4, 2, 24, 0
4, 2, 25, 0
4, 2, 26, 0
4, 2, 27, 0
4, 2, 28, 0
4, 2, 29, 0
4, 2, 30, 0
4, 2, 31, 0
4, 2, 32, 0
4, 2, 33, 0
4, 2, 34, 0
4, 2, 35, 0
4, 2, 36, 0
4, 2, 37, 0
4, 2, 38, 0
4, 2, 39, 0
4, 2, 40, 0
4, 2, 41, 0
4, 2, 42, 0
4, 2, 43, 0
4, 2, 44, 0
4, 2, 45, 0
4, 2, 46, 0
4, 2, 47, 0
4, 2, 48, 0
4, 2, 49, 0
4, 2, 50, 0
4, 2, 51, 0
4, 2, 52, 0
4, 2, 53, 0
4, 2, 54, 0
4, 2, 55, 0
4, 2, 56, 0
4, 2, 57, 0
4, 2, 58, 0
4, 2, 59, 0
4, 2, 60, 0
4, 2, 61, 0
4, 2, 62, 0
4, 2, 63, 0
4, 2, 64, 0
4, 2, 65, 0
4, 2, 66, 0
4, 2, 67, 0
4, 2, 68, 0
4, 2, 69, 0
4, 2, 70, 0
4, 2, 71, 0
4, 2, 72, 0
4, 2, 73, 0
4, 2, 74, 0
4, 2, 75, 0
4, 2, 76, 0
4, 2, 77, 0
4, 2, 78, 0
4, 2, 79, 0
4, 2, 80, 0
4, 2, 81, 0
4, 2, 82, 0
4, 2, 83, 0
4, 2, 84, 0
4, 2, 85, 0
4, 2, 86, 0
4, 2, 87, 0
4, 2, 88, 0
4, 2, 89, 0
4, 2, 90, 0
4, 2, 91, 0
4, 2, 92, 0
4, 2, 93, 0
4, 2, 94, 0
4, 2, 95, 0
4, 2, 96, 0
4, 2, 97, 0
4, 2, 98, 0
4, 2, 99, 0
4, 3, 0, 0
4, 3, 1, 0
4, 3, 2, 0
4, 3, 3, 0
4, 3, 4, 0
4, 3, 5, 0
4, 3, 6, 0
4, 3, 7, 0
4, 3, 8, 0
4, 3, 9, 0
4, 3, 10, 0
4, 3, 11, 0
4, 3, 12, 0
4, 3, 13, 0
4, 3, 14, 0
4, 3, 15, 0
4, 3, 16, 0
4, 3, 17, 0
4, 3, 18, 0
4, 3, 19, 0
4, 3, 20, 0
4, 3, 21, 0
4, 3, 22, 0
4, 3, 23, 0
4, 3, 24, 0
4, 3, 25, 0
4, 3, 26, 0
4, 3, 27, 0
4, 3, 28, 0
4, 3, 29, 0
4, 3, 30, 0
4, 3, 31, 0
4, 3, 32, 0
4, 3, 33, 0
4, 3, 34, 0
4, 3, 35, 0
4, 3, 36, 0
4, 3, 37, 0
4, 3, 38, 0
4, 3, 39, 0
4, 3, 40, 0
4, 3, 41, 0
4, 3, 42, 0
4, 3, 43, 0
4, 3, 44, 0
4, 3, 45, 0
4, 3, 46, 0
4, 3, 47, 0
4, 3, 48, 0
4, 3, 49, 0
4, 3, 50, 0
4, 3, 51, 0
4, 3, 52, 0
4, 3, 53, 0
4, 3, 54, 0
4, 3, 55, 0
4, 3, 56, 0
4, 3, 57, 0
4, 3, 58, 0
4, 3, 59, 0
4, 3, 60, 0
4, 3, 61, 0
4, 3, 62, 0
4, 3, 63, 0
4, 3, 64, 0
4, 3, 65, 0
4, 3, 66, 0
4, 3, 67, 0
4, 3, 68, 0
4, 3, 69, 0
4, 3, 70, 0
4, 3, 71, 0
4, 3, 72, 0
4, 3, 73, 0
4, 3, 74, 0
4, 3, 75, 0
4, 3, 76, 0
4, 3, 77, 0
4, 3, 78, 0
4, 3, 79, 0
4, 3, 80, 0
4, 3, 81, 0
4, 3, 82, 0
4, 3, 83, 0
4, 3, 84, 0
4, 3, 85, 0
4, 3, 86, 0
4, 3, 87, 0
4, 3, 88, 0
4, 3, 89, 0
4, 3, 90, 0
4, 3, 91, 0
4, 3, 92, 0
4, 3, 93, 0
4, 3, 94, 0
4, 3, 95, 0
4, 3, 96, 0
4, 3, 97, 0
4, 3, 98, 0
4, 3, 99, 0
4, 4, 0, 0
4, 4, 1, 0
4, 4, 2, 0
4, 4, 3, 0
4, 4, 4, 0
4, 4, 5, 0
4, 4, 6, 0
4, 4, 7, 0
4, 4, 8, 0
4, 4, 9, 0
4, 4, 10, 0
4, 4, 11, 0
4, 4, 12, 0
4, 4, 13, 0
4, 4, 14, 0
4, 4, 15, 0
4, 4, 16, 0
4, 4, 17, 0
4, 4, 18, 0
4, 4, 19, 0
4, 4, 20, 0
4, 4, 21, 0
4, 4, 22, 0
4, 4, 23, 0
4, 4, 24, 0
4, 4, 25, 0
4, 4, 26, 0
4, 4, 27, 0
4, 4, 28, 0
4, 4, 29, 0
4, 4, 30, 0
4, 4, 31, 0
4, 4, 32, 0
4, 4, 33, 0
4, 4, 34, 0
4, 4, 35, 0
4, 4, 36, 0
4, 4, 37, 0
4, 4, 38, 0
4, 4, 39, 0
4, 4, 40, 0
4, 4, 41, 0
4, 4, 42, 0
4, 4, 43, 0
4, 4, 44, 0
4, 4, 45, 0
4, 4, 46, 0
4, 4, 47, 0
4, 4, 48, 0
4, 4, 49, 0
4, 4, 50, 0
4, 4, 51, 0
4, 4, 52, 0
4, 4, 53, 0
4, 4, 54, 0
4, 4, 55, 0
4, 4, 56, 0
4, 4, 57, 0
4, 4, 58, 0
4, 4, 59, 0
4, 4, 60, 0
4, 4, 61, 0
4, 4, 62, 0
4, 4, 63, 0
4, 4, 64, 0
4, 4, 65, 0
4, 4, 66, 0
4, 4, 67, 0
4, 4, 68, 0
4, 4, 69, 0
4, 4, 70, 0
4, 4, 71, 0
4, 4, 72, 0
4, 4, 73, 0
4, 4, 74, 0
4, 4, 75, 0
4, 4, 76, 0
4, 4, 77, 0
4, 4, 78, 0
4, 4, 79, 0
4, 4, 80, 0
4, 4, 81, 0
4, 4, 82, 0
4, 4, 83, 0
4, 4, 84, 0
4, 4, 85, 0
4, 4, 86, 0
4, 4, 87, 0
4, 4, 88, 0
4, 4, 89, 0
4, 4, 90, 0
4, 4, 91, 0
4, 4, 92, 0
4, 4, 93, 0
4, 4, 94, 0
4, 4, 95, 0
4, 4, 96, 0
4, 4, 97, 0
4, 4, 98, 0
4, 4, 99, 0
4, 5, 0, 0
4, 5, 1, 0
4, 5, 2, 0
4, 5, 3, 0
4, 5, 4, 0
4, 5, 5, 0
4, 5, 6, 0
4, 5, 7, 0
4, 5, 8, 0
4, 5, 9, 0
4, 5, 10, 0
4, 5, 11, 0
4, 5, 12, 0
4, 5, 13, 0
4, 5, 14, 0
4, 5, 15, 0
4, 5, 16, 0
4, 5, 17, 0
4, 5, 18, 0
4, 5, 19, 0
4, 5, 20, 0
4, 5, 21, 0
4, 5, 22, 0
4, 5, 23, 0
4, 5, 24, 0
4, 5, 25, 0
4, 5, 26, 0
4, 5, 27, 0
4, 5, 28, 0
4, 5, 29, 0
4, 5, 30, 0
4, 5, 31, 0
4, 5, 32, 0
4, 5, 33, 0
4, 5, 34, 0
4, 5, 35, 0
4, 5, 36, 0
4, 5, 37, 0
4, 5, 38, 0
4, 5, 39, 0
4, 5, 40, 0
4, 5, 41, 0
4, 5, 42, 0
4, 5, 43, 0
4, 5, 44, 0
4, 5, 45, 0
4, 5, 46, 0
4, 5, 47, 0
4, 5, 48, 0
4, 5, 49, 0
4, 5, 50, 0
4, 5, 51, 0
4, 5, 52, 0
4, 5, 53, 0
4, 5, 54, 0
4, 5, 55, 0
4, 5, 56, 0
4, 5, 57, 0
4, 5, 58, 0
4, 5, 59, 0
4, 5, 60, 0
4, 5, 61, 0
4, 5, 62, 0
4, 5, 63, 0
4, 5, 64, 0
4, 5, 65, 0
4, 5, 66, 0
4, 5, 67, 0
4, 5, 68, 0
4, 5, 69, 0
4, 5, 70, 0
4, 5, 71, 0
4, 5, 72, 0
4, 5, 73, 0
4, 5, 74, 0
4, 5, 75, 0
4, 5, 76, 0
4, 5, 77, 0
4, 5, 78, 0
4, 5, 79, 0
4, 5, 80, 0
4, 5, 81, 0
4, 5, 82, 0
4, 5, 83, 0
4, 5, 84, 0
4, 5, 85, 0
4, 5, 86, 0
4, 5, 87, 0
4, 5, 88, 0
4, 5, 89, 0
4, 5, 90, 0
4, 5, 91, 0
4, 5, 92, 0
4, 5, 93, 0
4, 5, 94, 0
4, 5, 95, 0
4, 5, 96, 0
4, 5, 97, 0
4, 5, 98, 0
4, 5, 99, 0
4, 6, 0, 0
4, 6, 1, 0
4, 6, 2, 0
4, 6, 3, 0
4, 6, 4, 0
4, 6, 5, 0
4, 6, 6, 0
4, 6, 7, 0
4, 6, 8, 0
4, 6, 9, 0
4, 6, 10, 0
4, 6, 11, 0
4, 6, 12, 0
4, 6, 13, 0
4, 6, 14, 0
4, 6, 15, 0
4, 6, 16, 0
4, 6, 17, 0
4, 6, 18, 0
4, 6, 19, 0
4, 6, 20, 0
4, 6, 21, 0
4, 6, 22, 0
4, 6, 23, 0
4, 6, 24, 0
4, 6, 25, 0
4, 6, 26, 0
4, 6, 27, 0
4, 6, 28, 0
4, 6, 29, 0
4, 6, 30, 0
4, 6, 31, 0
4, 6, 32, 0
4, 6, 33, 0
4, 6, 34, 0
4, 6, 35, 0
4, 6, 36, 0
4, 6, 37, 0
4, 6, 38, 0
4, 6, 39, 0
4, 6, 40, 0
4, 6, 41, 0
4, 6, 42, 0
4, 6, 43, 0
4, 6, 44, 0
4, 6, 45, 0
4, 6, 46, 0
4, 6, 47, 0
4, 6, 48, 0
4, 6, 49, 0
4, 6, 50, 0
4, 6, 51, 0
4, 6, 52, 0
4, 6, 53, 0
4, 6, 54, 0
4, 6, 55, 0
4, 6, 56, 0
4, 6, 57, 0
4, 6, 58, 0
4, 6, 59, 0
4, 6, 60, 0
4, 6, 61, 0
4, 6, 62, 0
4, 6, 63, 0
4, 6, 64, 0
4, 6, 65, 0
4, 6, 66, 0
4, 6, 67, 0
4, 6, 68, 0
4, 6, 69, 0
4, 6, 70, 0
4, 6, 71, 0
4, 6, 72, 0
4, 6, 73, 0
4, 6, 74, 0
4, 6, 75, 0
4, 6, 76, 0
4, 6, 77, 0
4, 6, 78, 0
4, 6, 79, 0
4, 6, 80, 0
4, 6, 81, 0
4, 6, 82, 0
4, 6, 83, 0
4, 6, 84, 0
4, 6, 85, 0
4, 6, 86, 0
4, 6, 87, 0
4, 6, 88, 0
4, 6, 89, 0
4, 6, 90, 0
4, 6, 91, 0
4, 6, 92, 0
4, 6, 93, 0
4, 6, 94, 0
4, 6, 95, 0
4, 6, 96, 0
4, 6, 97, 0
4, 6, 98, 0
4, 6, 99, 0
4, 7, 0, 0
4, 7, 1, 0
4, 7, 2, 0
4, 7, 3, 0
4, 7, 4, 0
4, 7, 5, 0
4, 7, 6, 0
4, 7, 7, 0
4, 7, 8, 0
4, 7, 9, 0
4, 7, 10, 0
4, 7, 11, 0
4, 7, 12, 0
4, 7, 13, 0
4, 7, 14, 0
4, 7, 15, 0
4, 7, 16, 0
4, 7, 17, 0
4, 7, 18, 0
4, 7, 19, 0
4, 7, 20, 0
4, 7, 21, 0
4, 7, 22, 0
4, 7, 23, 0
4, 7, 24, 0
4, 7, 25, 0
4, 7, 26, 0
4, 7, 27, 0
4, 7, 28, 0
4, 7, 29, 0
4, 7, 30, 0
4, 7, 31, 0
4, 7, 32, 0
4, 7, 33, 0
4, 7, 34, 0
4, 7, 35, 0
4, 7, 36, 0
4, 7, 37, 0
4, 7, 38, 0
4, 7, 39, 0
4, 7, 40, 0
4, 7, 41, 0
4, 7, 42, 0
4, 7, 43, 0
4, 7, 44, 0
4, 7, 45, 0
4, 7, 46, 0
4, 7, 47, 0
4, 7, 48, 0
4, 7, 49, 0
4, 7, 50, 0
4, 7, 51, 0
4, 7, 52, 0
4, 7, 53, 0
4, 7, 54, 0
4, 7, 55, 0
4, 7, 56, 0
4, 7, 57, 0
4, 7, 58, 0
4, 7, 59, 0
4, 7, 60, 0
4, 7, 61, 0
4, 7, 62, 0
4, 7, 63, 0
4, 7, 64, 0
4, 7, 65, 0
4, 7, 66, 0
4, 7, 67, 0
4, 7, 68, 0
4, 7, 69, 0
4, 7, 70, 0
4, 7, 71, 0
4, 7, 72, 0
4, 7, 73, 0
4, 7, 74, 0
4, 7, 75, 0
4, 7, 76, 0
4, 7, 77, 0
4, 7, 78, 0
4, 7, 79, 0
4, 7, 80, 0
4, 7, 81, 0
4, 7, 82, 0
4, 7, 83, 0
4, 7, 84, 0
4, 7, 85, 0
4, 7, 86, 0
4, 7, 87, 0
4, 7, 88, 0
4, 7, 89, 0
4, 7, 90, 0
4, 7, 91, 0
4, 7, 92, 0
4, 7, 93, 0
4, 7, 94, 0
4, 7, 95, 0
4, 7, 96, 0
4, 7, 97, 0
4, 7, 98, 0
4, 7, 99, 0
4, 8, 0, 0
4, 8, 1, 0
4, 8, 2, 0
4, 8, 3, 0
4, 8, 4, 0
4, 8, 5, 0
4, 8, 6, 0
4, 8, 7, 0
4, 8, 8, 0
4, 8, 9, 0
4, 8, 10, 0
4, 8, 11, 0
4, 8, 12, 0
4, 8, 13, 0
4, 8, 14, 0
4, 8, 15, 0
4, 8, 16, 0
4, 8, 17, 0
4, 8, 18, 0
4, 8, 19, 0
4, 8, 20, 0
4, 8, 21, 0
4, 8, 22, 0
4, 8, 23, 0
4, 8, 24, 0
4, 8, 25, 0
4, 8, 26, 0
4, 8, 27, 0
4, 8, 28, 0
4, 8, 29, 0
4, 8, 30, 0
4, 8, 31, 0
4, 8, 32, 0
4, 8, 33, 0
4, 8, 34, 0
4, 8, 35, 0
4, 8, 36, 0
4, 8, 37, 0
4, 8, 38, 0
4, 8, 39, 0
4, 8, 40, 0
4, 8, 41, 0
4, 8, 42, 0
4, 8, 43, 0
4, 8, 44, 0
4, 8, 45, 0
4, 8, 46, 0
4, 8, 47, 0
4, 8, 48, 0
4, 8, 49, 0
4, 8, 50, 0
4, 8, 51, 0
4, 8, 52, 0
4, 8, 53, 0
4, 8, 54, 0
4, 8, 55, 0
4, 8, 56, 0
4, 8, 57, 0
4, 8, 58, 0
4, 8, 59, 0
4, 8, 60, 0
4, 8, 61, 0
4, 8, 62, 0
4, 8, 63, 0
4, 8, 64, 0
4, 8, 65, 0
4, 8, 66, 0
4, 8, 67, 0
4, 8, 68, 0
4, 8, 69, 0
4, 8, 70, 0
4, 8, 71, 0
4, 8, 72, 0
4, 8, 73, 0
4, 8, 74, 0
4, 8, 75, 0
4, 8, 76, 0
4, 8, 77, 0
4, 8, 78, 0
4, 8, 79, 0
4, 8, 80, 0
4, 8, 81, 0
4, 8, 82, 0
4, 8, 83, 0
4, 8, 84, 0
4, 8, 85, 0
4, 8, 86, 0
4, 8, 87, 0
4, 8, 88, 0
4, 8, 89, 0
4, 8, 90, 0
4, 8, 91, 0
4, 8, 92, 0
4, 8, 93, 0
4, 8, 94, 0
4, 8, 95, 0
4, 8, 96, 0
4, 8, 97, 0
4, 8, 98, 0
4, 8, 99, 0
4, 9, 0, 0
4, 9, 1, 0
4, 9, 2, 0
4, 9, 3, 0
4, 9, 4, 0
4, 9, 5, 0
4, 9, 6, 0
4, 9, 7, 0
4, 9, 8, 0
4, 9, 9, 0
4, 9, 10, 0
4, 9, 11, 0
4, 9, 12, 0
4, 9, 13, 0
4, 9, 14, 0
4, 9, 15, 0
4, 9, 16, 0
4, 9, 17, 0
4, 9, 18, 0
4, 9, 19, 0
4, 9, 20, 0
4, 9, 21, 0
4, 9, 22, 0
4, 9, 23, 0
4, 9, 24, 0
4, 9, 25, 0
4, 9, 26, 0
4, 9, 27, 0
4, 9, 28, 0
4, 9, 29, 0
4, 9, 30, 0
4, 9, 31, 0
4, 9, 32, 0
4, 9, 33, 0
4, 9, 34, 0
4, 9, 35, 0
4, 9, 36, 0
4, 9, 37, 0
4, 9, 38, 0
4, 9, 39, 0
4, 9, 40, 0
4, 9, 41, 0
4, 9, 42, 0
4, 9, 43, 0
4, 9, 44, 0
4, 9, 45, 0
4, 9, 46, 0
4, 9, 47, 0
4, 9, 48, 0
4, 9, 49, 0
4, 9, 50, 0
4, 9, 51, 0
4, 9, 52, 0
4, 9, 53, 0
4, 9, 54, 0
4, 9, 55, 0
4, 9, 56, 0
4, 9, 57, 0
4, 9, 58, 0
4, 9, 59, 0
4, 9, 60, 0
4, 9, 61, 0
4, 9, 62, 0
4, 9, 63, 0
4, 9, 64, 0
4, 9, 65, 0
4, 9, 66, 0
4, 9, 67, 0
4, 9, 68, 0
4, 9, 69, 0
4, 9, 70, 0
4, 9, 71, 0
4, 9, 72, 0
4, 9, 73, 0
4, 9, 74, 0
4, 9, 75, 0
4, 9, 76, 0
4, 9, 77, 0
4, 9, 78, 0
4, 9, 79, 0
4, 9, 80, 0
4, 9, 81, 0
4, 9, 82, 0
4, 9, 83, 0
4, 9, 84, 0
4, 9, 85, 0
4, 9, 86, 0
4, 9, 87, 0
4, 9, 88, 0
